-- MySQL dump 10.13  Distrib 5.7.14, for Win64 (x86_64)
--
-- Host: localhost    Database: DraxMusic
-- ------------------------------------------------------
-- Server version	5.7.14

/*!40101 SET @OLD_CHARACTER_SET_CLIENT=@@CHARACTER_SET_CLIENT */;
/*!40101 SET @OLD_CHARACTER_SET_RESULTS=@@CHARACTER_SET_RESULTS */;
/*!40101 SET @OLD_COLLATION_CONNECTION=@@COLLATION_CONNECTION */;
/*!40101 SET NAMES utf8 */;
/*!40103 SET @OLD_TIME_ZONE=@@TIME_ZONE */;
/*!40103 SET TIME_ZONE='+00:00' */;
/*!40014 SET @OLD_UNIQUE_CHECKS=@@UNIQUE_CHECKS, UNIQUE_CHECKS=0 */;
/*!40014 SET @OLD_FOREIGN_KEY_CHECKS=@@FOREIGN_KEY_CHECKS, FOREIGN_KEY_CHECKS=0 */;
/*!40101 SET @OLD_SQL_MODE=@@SQL_MODE, SQL_MODE='NO_AUTO_VALUE_ON_ZERO' */;
/*!40111 SET @OLD_SQL_NOTES=@@SQL_NOTES, SQL_NOTES=0 */;

--
-- Table structure for table `album`
--

DROP TABLE IF EXISTS `album`;
/*!40101 SET @saved_cs_client     = @@character_set_client */;
/*!40101 SET character_set_client = utf8 */;
CREATE TABLE `album` (
  `id` int(30) NOT NULL AUTO_INCREMENT,
  `nombre` varchar(30) COLLATE utf8_spanish_ci NOT NULL,
  `año` varchar(10) COLLATE utf8_spanish_ci NOT NULL,
  `imagen` varchar(100) COLLATE utf8_spanish_ci NOT NULL,
  `id_artista` int(30) NOT NULL,
  PRIMARY KEY (`id`)
) ENGINE=MyISAM AUTO_INCREMENT=115 DEFAULT CHARSET=utf8 COLLATE=utf8_spanish_ci;
/*!40101 SET character_set_client = @saved_cs_client */;

--
-- Dumping data for table `album`
--

LOCK TABLES `album` WRITE;
/*!40000 ALTER TABLE `album` DISABLE KEYS */;
INSERT INTO `album` VALUES (1,'Debut','1993','Debut_bjork.jpg',1),(2,'Os odio','2001','Os_odio_akrata.jpg',2),(3,'When we all fall asleep','2019','When_we_billie.jpg',3),(4,'Born To Die','2012','Lana_born_to_die.jpg',4),(5,'Jack Ü','2015','Skrillex_jack_u.jpg',5),(6,'Anarquia y Libertad','2002','akrata_anarquia_libertad.jpg',2),(7,'El Cementerio','2006','ampula_cementerio.jpg',6),(8,'Vómito','1996','vomito_vómito.jpg',7),(9,'1\'s','1998','creedence_1s.jpg',8),(10,'Coup D\'Etat','1982','plasmatics_coup_d_etat.jpg',9),(11,'Final Days','1988','plasmatics_final_days.jpg',9),(12,'Best Of Blondie','1981','blondie_the_best.jpg',10),(13,'A Head Full of Dreams','2015','Coldplay_a_head_full.jpg',11),(14,'Lennon Legend','1997','john_lennon.jpg',12),(15,'Ruins','2002','hellsing_soundtrack.jpg',13),(16,'Infinity War','2018','advengers_infinity_war.jpg',14),(17,'Through The Past, Darkly','2002','rolling_stones_darkly.jpg',15),(18,'Sticky Fingers Vol 1','2015','rolling-stones-sticky-fingers-1.jpg',15),(19,'Sticky Fingers Vol 2','2015','rolling-stones-sticky-fingers-2.jpg',15),(20,'Era','1996','era_era.jpg',16),(21,'The Mass','2003','era_the_mas.jpg',16),(22,'Era 2','2000','era_dos.jpg',16),(23,'18','2002','moby_18_blue.jpg',17),(24,'Little Sparrow','1987','Edith_piaf_little.jpg',18),(25,'The Essential Disc 1','1968','Janis_joplin_the_essential.jpg',19),(26,'The Essential Disc 2','2002','janis_joplin_the_essential.jpg',19),(27,'Live Evil','1982','black_sabbath_live_evil.jpg',20),(28,'Symptom of the Universe 1','1970','black_sabbath_symptom.jpg',20),(29,'Symptom Of The Universe 2','1970','black_sabbath_symptom.jpg',20),(30,'Nirvana','2002','nirvana_nirvana.jpg',21),(31,'In Utero','1993','nirvana_in_utero.jpg',21),(32,'From The Muddy Banks','1991','nirvana_muddy_banks.jpg',21),(33,'Play','1999','moby_play.jpg',17),(34,'The B-Sides','2004','moby_the_b_sides.jpg',17),(35,'Greatest Hits 1','1994','queen_hits_1.jpg',22),(36,'The Game','1994','queen_the_game.jpg',22),(37,'Rock You From Rio','1976','queen_rock_you_rio.jpg',22),(38,'The Best Of Doors 2','2000','doors_the_best.jpg',23),(39,'The Best Of Doors 1','2000','doors_the_best.jpg',23),(40,'Symphony 9 Choral','1990','beethoven_no_9.jpg',24),(41,'Don\'t Smile At Me','2017','billie_dont_smile.jpg',3),(42,'Cannibal Holocaust','1995','Cannibal_Holocaust.jpg',25),(43,'Official Project','2012','official_project_x.jpg',26),(44,'Unofficial Project','2012','unofficial_project_x.jpg',26),(45,'Pamba','2011','pamba_pamba.jpg',27),(46,'Magical Mystery Tour','1967','Magical_Mystery_beatles.jpg',28),(47,'Starboy','2016','weeknd_starboy.jpg',29),(48,'Beauty Behind the Madness','2015','weeknd-beauty-madness.jpg',29),(49,'OK Computer 1','1997','radiohead_ok_computer.jpg',30),(50,'OK Computer 2','1997','radiohead_ok_computer.jpg',30),(51,'El Castillo Vagabundo','2005','castillo_vagabundo.jpg',31),(52,'Use Your Illusion I','1991','guns_ilution_1.jpg',32),(53,'Use Your Illusion II','1991','guns_ilution_2.jpg',32),(54,'Greatest Hits','2004','guns_greatest_hits.jpg',32),(55,'Love At First Sting','1984','Scorpions-Love-At-First-Sting.jpg',33),(56,'World Wide Live','1985','scorpions_word_wide_live.jpg',33),(57,'Biophilia','2011','bjork_biophilia.jpg',1),(58,'Björk\'s Greatest Hits','2002','greatest_hits_bjork.jpg',1),(59,'Medúlla','2004','bjork_medulla.jpg',1),(60,'Kala','2007','mia_kala.jpg',34),(61,'Dracula','1992','dracula_soundtrack.jpg',35),(62,'Kill Bill','2003','kill_bill_soundtrack.jpg',36),(63,'Black Swan','2010','black_swan_soundtrack.jpg',37),(64,'Skills In Pills','2016','skills_linderman.jpg',38),(65,'F & M','2019','f_y_m_linderman.jpg',38),(66,'The Resistance','2009','muse_resistance.jpg',39),(67,'The 2nd Law','2012','muse_the_2_law.jpg',39),(68,'Showbiz','1999','muse_showbiz.jpg',39),(69,'Origin Of Symmetry','2001','muse_symmetry.jpg',39),(70,'Haarp','2008','muse_harp',39),(71,'Black Holes And Revelations','2006','muse_black_holes.jpg',39),(72,'Absolution','2003','muse_absolution.jpg',39),(73,'Castillo en el Cielo','1986','castilloenelcielo.jpg',31),(74,'Mi Vecino Totoro','1988','totoro_soundtrack.jpg',31),(75,'Princess Mononoke','1997','mononoke_princess.jpg',31),(76,'Rammstein','2019','rammstein-rammstein.jpg',40),(77,'Paris 1','2017','paris_rammstein.jpg',40),(78,'Paris 2','2017','paris_rammstein.jpg',40),(79,'Liebe Ist Für Alle Da 1','2009','liebe_ist_fur_ramstein.jpg',40),(80,'Liebe Ist Für Alle Da 2','2009','liebe_ist_fur_ramstein.jpg',40),(81,'Rosenrot','2005','rosenrot_rammstein.jpg',40),(82,'Reise, Reise','2004','reise_reise_rammstein.jpg',40),(83,'Völkerball 1','2006','Völkerball_ramstein.jpg',40),(84,'Völkerball 2','2006','Völkerball_ramstein.jpg',40),(85,'Sehnsucht 1','1997','rammstein_sehnsucht.jpg',40),(86,'Sehnsucht 2','1997','rammstein_sehnsucht.jpg',40),(87,'Mutter','2001','mutter_rammstein.jpg',40),(88,'Herzeleid','1995','rammstein-herzeleid.jpg',40),(89,'Live Aus Berlin 1','1999','live_aus_berlin_rammstein.jpg',40),(90,'Live Aus Berlin 2','1999','live_aus_berlin_rammstein.jpg',40),(91,'Demos 1994','1994','demos_ramstein.jpg',40),(92,'Ausländer_Radio','2019','aush_radio_rammstein.jpg',40),(93,'XXI Klavier','2015','klavier_rammstein.jpg',40),(94,'I','2006','01-DTN-FRONT.jpg',41),(95,'II','2006','01-DN2-FRONT.jpg',41),(96,'III','2006','01-DN3-FRONT.jpg',41),(97,'Contra','1987','contra_soundtrack.jpg',42),(98,'Castelvania','1986','castel_soundtrack.jpg',42),(99,'Bubble Bobble','1986','bublee_boblle_soundtrack.jpg',42),(100,'Snow Bros','1990','snow_bros_sound.jpeg',42),(101,'Sonic','1991','sonic_soundtrack.jpg',42),(102,'Plantas vs Zombies 2','2013','plants_vs_zombies_2_soundtrack.jpg',42),(103,'Super Mario 64','1996','Super_Mario_64_portada.jpg',42),(104,'Super Mario Bros 3','1988','super_mario_bros_3_soundtrack.jpg',42),(105,'Back To Black 1','2006','back-to-black.jpg',43),(106,'Back To Black 2','2006','back-to-black.jpg',43),(107,'Frank 1','2003','frank_amy_wind.jpg',43),(108,'Frank 2','2003','frank_amy_wind.jpg',43),(109,'In Case You Didn\'t Feel','1990','ministry_in_case_tou_dident.jpg',44),(110,'The Land Of Rape And Honey','1988','ministry_the_land_of_rape.jpg',44),(111,'Grandes Éxitos [Disc 1]','1992','mecano_gandes_exitos.jpg',45),(112,'Grandes Éxitos [Disc 2]','1992','mecano_gandes_exitos.jpg',45),(113,'Revolución','1985','la_polla_revolucion.jpg',46),(114,'Abracadaboum','2016','berurier-noir-abracadaboum.jpg',47);
/*!40000 ALTER TABLE `album` ENABLE KEYS */;
UNLOCK TABLES;

--
-- Table structure for table `artista`
--

DROP TABLE IF EXISTS `artista`;
/*!40101 SET @saved_cs_client     = @@character_set_client */;
/*!40101 SET character_set_client = utf8 */;
CREATE TABLE `artista` (
  `id` int(30) NOT NULL AUTO_INCREMENT,
  `nombre` varchar(30) COLLATE utf8_spanish_ci NOT NULL,
  `imagen` varchar(100) COLLATE utf8_spanish_ci NOT NULL,
  PRIMARY KEY (`id`)
) ENGINE=MyISAM AUTO_INCREMENT=48 DEFAULT CHARSET=utf8 COLLATE=utf8_spanish_ci;
/*!40101 SET character_set_client = @saved_cs_client */;

--
-- Dumping data for table `artista`
--

LOCK TABLES `artista` WRITE;
/*!40000 ALTER TABLE `artista` DISABLE KEYS */;
INSERT INTO `artista` VALUES (1,'Bjork','bjork.jpg'),(2,'Akrata','akrata.jpeg'),(3,'Billie Eilish','billie_ellish.jpg'),(4,'Lana Del Rey','lana_del_rey.jpg'),(5,'Skrillex','skrillex.jpg'),(6,'Ampula','ampula.jpg'),(7,'Vomito','vomito.jpg'),(8,'Creedence','creedence.jpg'),(9,'Plasmatics','plasmatics.jpg'),(10,'Blondie','blondie.jpg'),(11,'Coldplay','coldplay.jpg'),(12,'John Lennon','john_lennon.jpg'),(13,'Hellsing','hellsing.jpg'),(14,'Advengers','advengers.jpg'),(15,'Rolling Stones','rolling_stones.jpg'),(16,'Era','era.jpg'),(17,'Moby','moby.jpg'),(18,'Edith Piaf','edith_piaf.jpg'),(19,'Janis Joplin','janis_joplin.jpg'),(20,'Black Sabbath','black_sabbath.jpeg'),(21,'Nirvana','nirvana.jpg'),(22,'Queen','queen.jpg'),(23,'The Doors','doors.jpg'),(24,'Beethoven','Beethoven.jpg'),(25,'Riz Ortolani','Riz_Ortolani.jpg'),(26,'Project X','project_x.jpg'),(27,'Manikandan','manikandan_pamba.jpg'),(28,'The Beatles','beatles.jpg'),(29,'The Weeknd','the_weeknd.jpg'),(30,'Radiohead','radiohead.jpg'),(31,'Hayao Miyazaki','hayao-miyazaki-anime.jpg'),(32,'Guns N\' Roses','guns.jpg'),(33,'Scorpions','Scorpions.jpg'),(34,'MIA','mia.jpg'),(35,'Dracula','dracula.jpg'),(36,'Quentin Tarantino','kill_bill.jpg'),(37,'Black Swan','black_swan.jpg'),(38,'Lindemann','linderman.jpg'),(39,'Muse','muse.jpg'),(40,'Rammstein','rammstein.jpg'),(41,'Death Note','death_note.jpg'),(42,'Videojuegos','arcade_ness.jpg'),(43,'Amy Winehouse','Amy_Winehouse.jpg'),(44,'Ministry','ministry.jpg'),(45,'Mecano','mecano.jpg'),(46,'La Polla Records','la-polla-records.jpg'),(47,'Bérurier Noir','berurier.jpg');
/*!40000 ALTER TABLE `artista` ENABLE KEYS */;
UNLOCK TABLES;

--
-- Table structure for table `blues`
--

DROP TABLE IF EXISTS `blues`;
/*!40101 SET @saved_cs_client     = @@character_set_client */;
/*!40101 SET character_set_client = utf8 */;
CREATE TABLE `blues` (
  `id` int(30) NOT NULL AUTO_INCREMENT,
  `id_artista` int(30) NOT NULL,
  PRIMARY KEY (`id`)
) ENGINE=MyISAM AUTO_INCREMENT=3 DEFAULT CHARSET=utf8 COLLATE=utf8_spanish_ci;
/*!40101 SET character_set_client = @saved_cs_client */;

--
-- Dumping data for table `blues`
--

LOCK TABLES `blues` WRITE;
/*!40000 ALTER TABLE `blues` DISABLE KEYS */;
INSERT INTO `blues` VALUES (1,15),(2,19);
/*!40000 ALTER TABLE `blues` ENABLE KEYS */;
UNLOCK TABLES;

--
-- Table structure for table `cancion`
--

DROP TABLE IF EXISTS `cancion`;
/*!40101 SET @saved_cs_client     = @@character_set_client */;
/*!40101 SET character_set_client = utf8 */;
CREATE TABLE `cancion` (
  `id` int(30) NOT NULL AUTO_INCREMENT,
  `nombre` varchar(100) COLLATE utf8_spanish_ci NOT NULL,
  `id_album` int(30) NOT NULL,
  `id_artista` int(30) NOT NULL,
  `num_pista` int(30) NOT NULL,
  `duracion` varchar(10) COLLATE utf8_spanish_ci NOT NULL,
  `sound` varchar(100) COLLATE utf8_spanish_ci NOT NULL,
  PRIMARY KEY (`id`)
) ENGINE=MyISAM AUTO_INCREMENT=1625 DEFAULT CHARSET=utf8 COLLATE=utf8_spanish_ci;
/*!40101 SET character_set_client = @saved_cs_client */;

--
-- Dumping data for table `cancion`
--

LOCK TABLES `cancion` WRITE;
/*!40000 ALTER TABLE `cancion` DISABLE KEYS */;
INSERT INTO `cancion` VALUES (1,'Human Behaviour',1,1,1,'4:12','human_behavor.mp3'),(2,'Crying',1,1,2,'4:49','Crying.mp3'),(3,'Venus As A Boy',1,1,3,'4:41','Venus_As_A_Boy.mp3'),(4,'There\'s More To Life Than This',1,1,4,'3:21','Theres_More_To_Life_Than.mp3'),(5,'Like Someone In Love',1,1,5,'4:33','Like_Someone_In_Love.mp3'),(6,'Big Time Sensuality',1,1,6,'3:56','Big_Time_Sensuality.mp3'),(7,'One Day',1,1,7,'5:24','One_Day.mp3'),(8,'Aeroplane',1,1,8,'3:54','Aeroplane.mp3'),(9,'Come To Me',1,1,9,'4:55','Come_To_Me.mp3'),(10,'Violently Happy',1,1,10,'4:58','Violently_Happy.mp3'),(11,'The Anchor Song',1,1,11,'3:32','The_Anchor_Song.mp3'),(12,'Play Dead',1,1,12,'3:57','Play_Dead.mp3'),(13,'Democracia',2,2,1,'2:53','01 Democracia.mp3'),(14,'Ratas',2,2,2,'1:44','02 Ratas.mp3'),(15,'Gasolina y Fuego',2,2,3,'2:10','03 Gasolina y Fuego.mp3'),(16,'Policia No',2,2,4,'2:29','04 Policia No.mp3'),(17,'Señor Juez',2,2,5,'3:05','05 Señor Juez.mp3'),(18,'Evolución\r\n',2,2,6,'3:22','06 Evolución.mp3'),(19,'Estados Hundidos',2,2,7,'2:24','07 Estados Hundidos.mp3'),(20,'Buitres',2,2,8,'3:22','08 Buitres.mp3'),(21,'Gritos de Hambre',2,2,9,'2:18','09 Gritos de Hambre.mp3'),(22,'Depresión ',2,2,10,'2:36','10 Depresión.mp3'),(23,'Os Odio',2,2,11,'2:41','11 Os Odio.mp3'),(24,'Tu Cadaver',2,2,12,'1:54','12 Tu cadaver.mp3'),(25,'Detestable Raza Humana',2,2,13,'2:01','13 Detestable Raza Humana.mp3'),(26,'!!!!!!!',3,3,1,'0:14','01 !!!!!!!.mp3'),(27,'Bad Guy',3,3,2,'3:14','02 bad guy.mp3'),(28,'Xanny',3,3,3,'4:04','03 xanny.mp3'),(29,'You Should See Me In a Crown',3,3,4,'3:01','04 you should see me in a crown.mp3'),(30,'All The Good Girls Go to Hell',3,3,5,'2:49','05 all the good girls go to hell.mp3'),(31,'Whish You Were Gay',3,3,6,'3:42','06 wish you were gay.mp3'),(32,'When The Party\'s Over',3,3,7,'3:16','07 when the party\'s over.mp3'),(33,'8',3,3,8,'2:53','08 8.mp3'),(34,'My Strange Addiction',3,3,9,'3:00','09 my strange addiction.mp3'),(35,'Bury A Friend',3,3,10,'3:13','10 bury a friend.mp3'),(36,'Ilomilo',3,3,11,'2:36','11 ilomilo.mp3'),(37,'Listen Before I Go',3,3,12,'4:03','12 listen before i go.mp3'),(38,'I Love You',3,3,13,'4:52','13 i love you.mp3'),(39,'GoodBye',3,3,14,'1:59','14 goodbye.mp3'),(40,'Born To Die',4,4,1,'4:46','01 Born To Die.mp3'),(41,'Off To The Races',4,4,2,'5:00','02 Off To The Races.mp3'),(42,'Blue Jeans',4,4,3,'3:29','03 Blue Jeans.mp3'),(43,'Video Games',4,4,4,'4:42','04 Video Games.mp3'),(44,'Diet Mountain Dew',4,4,5,'3:43','05 Diet Mountain Dew.mp3'),(45,'National Anthem',4,4,6,'3:51','06 National Anthem.mp3'),(46,'Dark Paradise',4,4,7,'4:03','07 Dark Paradise.mp3'),(47,'Radio',4,4,8,'3:35','08 Radio.mp3'),(48,'Carmen',4,4,9,'4:09','09 Carmen.mp3'),(49,'Million Dollar Man',4,4,10,'3:52','10 Million Dollar Man.mp3'),(50,'Summertime Sadness',4,4,11,'4:25','11 Summertime Sadness.mp3'),(51,'This Is What Makes Us Girls',4,4,12,'3:58','12 This Is What Makes Us Girls.mp3'),(52,'Without You',4,4,13,'3:49','13 Without You.mp3'),(53,'Lolita',4,4,14,'3:40','14 Lolita.mp3'),(54,'Lucky Ones',4,4,15,'3:47','15 Lucky Ones.mp3'),(55,'Don\'t Do Drugs Just Take Some Jack Ü',5,5,1,'2:05','01 Don\'t Do Drugs Just Take Some Jack Ü.mp3'),(56,'Beats Knockin',5,5,2,'2:53','02 Beats Knockin.mp3'),(57,'Take Ü There',5,5,3,'3:30','03 Take Ü There.mp3'),(58,'Febreze',5,5,4,'3:34','04 Febreze.mp3'),(59,'To Ü',5,5,5,'3:37','05 To Ü.mp3'),(60,'Mind',5,5,7,'4:02','07 Mind.mp3'),(61,'Holla Out',5,5,8,'4:16','08 Holla Out.mp3'),(62,'Where Are Ü Now',5,5,9,'4:10','09 Where Are Ü Now.mp3'),(63,'Yogi Burial',5,5,10,'3:30','10 Yogi Burial.mp3'),(64,'Jungle Bae',5,5,6,'3:28','06 Jungle Bae.mp3'),(65,'Obrero',6,2,1,'1:47','01 obreo.mp3'),(66,'Anarquia y Libertad',6,2,2,'2:43','02 anarquia y libertad.mp3'),(67,'Muerte al Agresor',6,2,3,'1:42','03 muerte al agresor.mp3'),(68,'Enkadenados',6,2,4,'2:22','04 enkadenados.mp3'),(69,'Como 2 Salvajes',6,2,5,'2:31','05 como 2 salvajes.mp3'),(70,'Ke m Kiten lo Bailao',6,2,6,'2:17','06 ke m kiten lo bailao.mp3'),(71,'Poder Corrupto',6,2,7,'2:01','07 poder corrupto.mp3'),(72,'Su ley',6,2,8,'1:17','08 su ley.mp3'),(73,'Animales',6,2,9,'1:50','09 animales.mp3'),(74,'Destrucción',6,2,10,'1:14','10 destrucción.mp3'),(75,'No Kieres Entenderlo',6,2,11,'1:58','11 no kieres entenderlo.mp3'),(76,'Gente',6,2,12,'1:40','12 genie.mp3'),(77,'Autodestrucción',6,2,13,'1:34','13 autodestrucción.mp3'),(78,'Borracho',6,2,14,'5:18','14 borracho.mp3'),(79,'Recuerda',7,6,1,'2:35','01 Recuerda.mp3'),(80,'Zonas Marginadas',7,6,2,'2:37','02 Zonas Marginadas.mp3'),(81,'No Queremos',7,6,3,'1:51','03 No Queremos.mp3'),(82,'Niños de la Calle',7,6,4,'3:20','04 Niños de la Calle.mp3'),(83,'De que Hay que Hablar',7,6,5,'2:55','05 De que hay que hablar.mp3'),(84,'El Cementerio',7,6,6,'2:42','06 El Cementerio.mp3'),(85,'Maldito Perro',7,6,7,'3:21','07 Maldito Perro.mp3'),(86,'Te Quiero Muerto',7,6,8,'2:10','08 Te Quiero Muerto.mp3'),(87,'Somos Anarquistas',7,6,9,'2:27','09 Somos Anarquistas.mp3'),(88,'Deseando la Muerte',7,6,10,'2:58','10 Deseando la muerte.mp3'),(89,'Federico el Militar',7,6,11,'2:37','11 Federico el Militar.mp3'),(90,'El precio de mi Libertad',7,6,12,'2:11','12 El precio de mi Libertad.mp3'),(91,'Ratas de Ciudad',8,7,1,'2:37','01 Ratas de Ciudad.mp3'),(92,'Soy una Bomba',8,7,2,'3:05','02 Soy una Bomba.mp3'),(93,'Estado de Alerta',8,7,3,'2:40','03 Estado de Alerta.mp3'),(94,'Lucha!',8,7,4,'2:47','04 Lucha!.mp3'),(95,'Deslumbrante Brillo',8,7,5,'1:45','05 Deslumbrante Brillo.mp3'),(96,'Vómito social',8,7,6,'2:00','06 Vómito social.mp3'),(97,'Ama Shantalen Jaiak 1985\'ko',8,7,7,'2:20','07 Ama Shantalen Jaiak 1985\'ko.mp3'),(98,'Ya No Hay Solución',8,7,8,'1:21','08 Ya No Hay Solución.mp3'),(99,'Mierda Su Ley',8,7,9,'1:21','09 Mierda Su Ley.mp3'),(100,'Tu Única Salida',8,7,10,'2:16','10 Tu Única Salida.mp3'),(101,'Al Olor del Dinero',8,7,11,'1:44','11 Al Olor del Dinero.mp3'),(102,'Un Día Más',8,7,12,'2:16','12 Un Día Más.mp3'),(103,'Proud Mary',9,8,1,'3:09','01 Proud Mary.mp3'),(104,'Who\'ll Stop The Rain',9,8,2,'2:29','02 Who\'ll Stop The Rain.mp3'),(105,'Down On The Corner',9,8,3,'2:45','03 Down On The Corner.mp3'),(106,'Cotton Fields',9,8,4,'2:56','04 Cotton Fields.mp3'),(107,'Green River',9,8,5,'2:34','05 Green River.mp3'),(108,'It Came Out Of The Sky',9,8,6,'2:54','06 It Came Out Of The Sky.mp3'),(109,'Molina',9,8,7,'2:39','07 Molina.mp3'),(110,'Travelin\' Band',9,8,8,'2:09','08 Travelin\' Band.mp3'),(111,'I Heard It Trhough The Grapevine',9,8,9,'8:05','09 I Heard It Trhough The Grapevine.mp3'),(112,'Born On The Bayou',9,8,10,'5:14','10 Born On The Bayou.mp3'),(113,'Have You Ever Seen The Rain',9,8,11,'2:40','11 Have You Ever Seen The Rain.mp3'),(114,'Graveyard Train',9,8,12,'8:35','12 Graveyard Train.mp3'),(115,'Bootleg',9,8,13,'3:01','13 Bootleg.mp3'),(116,'Lodi',9,8,14,'3:11','14 Lodi.mp3'),(117,'Commotion',9,8,15,'2:43','15 Commotion.mp3'),(118,'Run Through The Jungle',9,8,16,'3:06','16 Run Through The Jungle.mp3'),(119,'I Put A Spell On You',9,8,17,'4:32','17 I Put A Spell On You.mp3'),(120,'Someday Never Comes',9,8,18,'4:02','18 Someday Never Comes.mp3'),(121,'Up Around The Bend',9,8,19,'2:43','19 Up Around The Bend.mp3'),(122,'Lookin\' Out My Back Door',9,8,20,'2:35','20 Lookin\' Out My Back Door.mp3'),(123,'Put Your Love In Me',10,9,1,'3:56','01 Put Your Love In Me.mp3'),(124,'Stop',10,9,2,'4:41','02 Stop.mp3'),(125,'Rock N Roll',10,9,3,'4:21','03 Rock N Roll.mp3'),(126,'Lightning Breaks',10,9,4,'3:57','04 Lightning Breaks.mp3'),(127,'No Class',10,9,5,'2:37','05 No Class.mp3'),(128,'Mistress Of Taboo',10,9,6,'3:17','06 Mistress Of Taboo.mp3'),(129,'Country Fairs',10,9,7,'3:35','07 Country Fairs.mp3'),(130,'Path Of Glory',10,9,8,'4:45','08 Path Of Glory.mp3'),(131,'Just Like On TV',10,9,9,'3:16','09 Just Like On TV.mp3'),(132,'The Damned',10,9,10,'4:09','10 The Damned.mp3'),(133,'The Doom Song',11,9,1,'5:24','01 The Doom Song.mp3'),(134,'Stop',11,9,2,'4:34','02 Stop.mp3'),(135,'Brain Dead',11,9,3,'2:36','03 Brain Dead.mp3'),(136,'Masterplan',11,9,4,'3:12','04 Masterplan.mp3'),(137,'Just Like On TV',11,9,5,'4:05','05 Just Like On TV.mp3'),(138,'Propagators',11,9,6,'3:03','06 Propagators.mp3'),(139,'Uniformed Guards',11,9,7,'4:08','07 Uniformed Guards.mp3'),(140,'Opus In Cm7',11,9,8,'4:18','08 Opus In Cm7.mp3'),(141,'Lies',11,9,9,'3:20','09 Lies.mp3'),(142,'The Damned',11,9,10,'3:52','10 The Damned.mp3'),(143,'A Pig Is A Pig',11,9,11,'4:56','11 A Pig Is A Pig.mp3'),(144,'12 Noon',11,9,12,'3:33','12 12 Noon.mp3'),(145,'Finale',11,9,13,'4:09','13 Finale.mp3'),(146,'Heart Of Glass',12,10,1,'4:36','01 Heart Of Glass.mp3'),(147,'Dreaming',12,10,2,'3:08','02 Dreaming.mp3'),(148,'The Tide Is High',12,10,3,'4:42','03 The Tide Is High.mp3'),(149,'In The Flesh',12,10,4,'2:32','04 In The Flesh.mp3'),(150,'Sunday Girl',12,10,5,'3:05','05 Sunday Girl.mp3'),(151,'Hanging On The Telephone',12,10,6,'2:33','06 Hanging On The Telephone.mp3'),(152,'Rapture',12,10,7,'5:37','07 Rapture.mp3'),(153,'One Way Or Another',12,10,8,'3:36','08 One Way Or Another.mp3'),(154,'I\'m Always Touched By Your',12,10,9,'2:43','09 I\'m Always Touched By Your'),(155,'Call Me',12,10,10,'3:33','10 Call Me.mp3'),(156,'Atomic',12,10,11,'4:42','11 Atomic.mp3'),(157,'Rip Her To Shreds',12,10,12,'3:23','12 Rip Her To Shreds.mp3'),(158,'A Head Full Of Dreams',13,11,1,'3:44','01 A Head Full Of Dreams.mp3'),(159,'Birds',13,11,2,'3:49','02 Birds.mp3'),(160,'Hymn For The Weekend',13,11,3,'4:19','03 Hymn For The Weekend.mp3'),(161,'Everglow',13,11,4,'4:43','04 Everglow.mp3'),(162,'Adventure Of A Lifetime',13,11,5,'4:24','05 Adventure Of A Lifetime.mp3'),(163,'Fun',13,11,6,'4:28','06 Fun.mp3'),(164,'Kaleidoscope',13,11,7,'1:52','07 Kaleidoscope.mp3'),(165,'Army Of One',13,11,8,'6:17','08 Army Of One.mp3'),(166,'Amazing Day',13,11,9,'4:31','09 Amazing Day.mp3'),(167,'Colour Spectrum',13,11,10,'1:00','10 Colour Spectrum.mp3'),(168,'Up&Up',13,11,11,'6:45','11 Up&Up.mp3'),(169,'Imagine',14,12,1,'3:04','01 Imagine.mp3'),(170,'Instant Karma',14,12,2,'3:20','02 Instant Karma.mp3'),(171,'Mother',14,12,3,'3:56','03 Mother.mp3'),(172,'Jealous Guy',14,12,4,'4:15','04 Jealous Guy.mp3'),(173,'Power To The People',14,12,5,'3:20','05 Power To The People.mp3'),(174,'Cold Turkey',14,12,6,'5:03','06 Cold Turkey.mp3'),(175,'Love',14,12,7,'3:24','07 Love.mp3'),(176,'Mind Games',14,12,8,'4:12','08 Mind Games.mp3'),(177,'Whatever Gets You Thru The Night',14,12,9,'3:19','09 Whatever Gets You Thru The Night.mp3'),(178,'#9 Dream',14,12,10,'4:47','10 Dream.mp3'),(179,'Stand By Me',14,12,11,'3:28','11 Stand By Me.mp3'),(180,'(Just Like) Starting Over',14,12,12,'3:56','12 (Just Like) Starting Over.mp3'),(181,'Woman',14,12,13,'3:27','13 Woman.mp3'),(182,'Beautiful Boy (Darling Boy)',14,12,14,'4:01','14 Beautiful Boy (Darling Boy).mp3'),(183,'Watching The Wheels',14,12,15,'3:33','15 Watching The Wheels.mp3'),(184,'Nobody Told Me',14,12,16,'3:34','16 Nobody Told Me.mp3'),(185,'Borrowed Time',14,12,17,'4:31','17 Borrowed Time.mp3'),(186,'Working Class Hero',14,12,18,'3:50','18 Working Class Hero.mp3'),(187,'Happy Christmas (War Is Over)',14,12,19,'3:35','19 Happy Christmas (War Is Over).mp3'),(188,'Give Peace A Chance',14,12,20,'4:51','20 Give Peace A Chance.mp3'),(189,'El último amanecer del mundo',15,13,1,'3:17','01 El último amanecer del mundo.mp3'),(190,'Hojas de armonía',15,13,2,'2:23','02 Hojas de armonía.mp3'),(191,'Sky Of God Master',15,13,3,'3:59','03 SKY OF GOD MASTER.mp3'),(192,'Tipo de Odio Pecaminoso',15,13,4,'3:52','04 Tipo de odio pecaminoso.mp3'),(193,'Escuadrón de Rescate SOUL',15,13,5,'3:58','05 Escuadrón de rescate SOUL.mp3'),(194,'Siege net',15,13,6,'3:30','06 Siege net.mp3'),(195,'Tiroteo en Bajas',15,13,7,'2:26','07 Tiroteo en Bajas.mp3'),(196,'Policía Mental',15,13,8,'5:14','08 Policía Mental.mp3'),(197,'Primaria Color Jiva Club Song',15,13,9,'2:46','09 Primaria Color Jiva Club Song.mp3'),(198,'Serenata Secreta de Karma',15,13,10,'3:02','10 Serenata Secreta de Karma.mp3'),(199,'Huele la Campanilla',15,13,11,'3:31','11 Huele la Campanilla.mp3'),(200,'Verdad',15,13,12,'4:44','12 Verdad.mp3'),(201,'Fondo Necesario',15,13,13,'2:30','13 Fondo Necesario.mp3'),(202,'Asesino de Medianoche',15,13,14,'4:16','14 Asesino de Medianoche.mp3'),(203,'Mundo sin Logos',15,13,15,'3:35','15 Mundo sin Logos.mp3'),(204,'Exterminio Gitano',15,13,16,'2:35','16 Exterminio Gitano.mp3'),(205,'Adiós mundo de Bonkotsu',15,13,17,'0:26','17 Adiós mundo de Bonkotsu.mp3'),(206,'777 de 18666',15,13,18,'2:49','18 777 de 18666.mp3'),(207,'El humo del cannabis se ve a través',15,13,19,'2:26','19 El humo del cannabis se ve a través.mp3'),(208,'Narucall',15,13,20,'2:12','20 Narucall.mp3'),(209,'Eventos Inesperados',15,13,21,'0:59','21 Eventos Inesperados.mp3'),(210,'Rhythm',15,13,22,'3:40','22 Rhythm.mp3'),(211,'The Avengers',16,14,1,'0:27','01 The Avengers.mp3'),(212,'Travel Delays',16,14,2,'2:45','02 Travel Delays.mp3'),(213,'Undying Fidelity',16,14,3,'5:07','03 Undying Fidelity.mp3'),(214,'He Won\'t Come Out',16,14,4,'2:33','04 He Won\'t Come Out.mp3'),(215,'We Both Made Promises',16,14,5,'2:24','05 We Both Made Promises.mp3'),(216,'Help Arrives',16,14,6,'4:23','06 Help Arrives.mp3'),(217,'Hand Means Stop',16,14,7,'2:39','07 Hand Means Stop.mp3'),(218,'You Go Right',16,14,8,'4:28','08 You Go Right.mp3'),(219,'Family Affairs',16,14,9,'3:53','09 Family Affairs.mp3'),(220,'What More Could I Lose',16,14,10,'3:58','10 What More Could I Lose-.mp3'),(221,'A Small Price',16,14,11,'3:19','11 A Small Price.mp3'),(222,'Even For You',16,14,12,'2:16','12 Even For You.mp3'),(223,'More Power',16,14,13,'4:09','13 More Power.mp3'),(224,'Charge!',16,14,14,'3:30','14 Charge!.mp3'),(225,'Forge',16,14,15,'4:24','15 Forge.mp3'),(226,'Catch',16,14,16,'6:06','16 Catch.mp3'),(227,'Haircut And Beard',16,14,17,'3:04','17 Haircut And Beard.mp3'),(228,'A Lot To Figure Out',16,14,18,'2:03','18 A Lot To Figure Out.mp3'),(229,'The End Game',16,14,19,'2:19','19 The End Game.mp3'),(230,'I Feel You',16,14,20,'2:50','20 I Feel You.mp3'),(231,'What Did It Cost',16,14,21,'2:27','21 What Did It Cost-.mp3'),(232,'Porch',16,14,22,'1:01','22 Porch.mp3'),(233,'I Feel You (Extended)',16,14,23,'4:45','23 I Feel You (Extended).mp3'),(234,'Even For You (Extended)',16,14,24,'8:07','24 Even For You (Extended).mp3'),(235,'Infinity War',16,14,25,'2:36','25 Infinity War.mp3'),(236,'Paint It Black',17,15,1,'3:24','01 Paint It Black.mp3'),(237,'Ruby Tuesday',17,15,2,'3:18','02 Ruby Tuesday.mp3'),(238,'She\'s A Rainbow',17,15,3,'4:13','03 She\'s A Rainbow.mp3'),(239,'Jumpin\' Jack Flash',17,15,4,'3:43','04 Jumpin\' Jack Flash.mp3'),(240,'Mother\'s Little Helper',17,15,5,'2:48','05 Mother\'s Little Helper.mp3'),(241,'Let\'s Spend The Night Together',17,15,6,'3:37','06 Let\'s Spend The Night Together.mp3'),(242,'Honky Tonk Women',17,15,7,'3:02','07 Honky Tonk Women.mp3'),(243,'Dandelion',17,15,8,'3:33','08 Dandelion.mp3'),(244,'2000 Light Years From Home',17,15,9,'4:47','09 2000 Light Years From Home.mp3'),(245,'Have You Seen Your Mother, Baby, Standing In The Shadow',17,15,10,'2:36','10 Have You Seen Your Mother, Baby, Standing In The Shadow-.mp3'),(246,'Street Fighting Man',17,15,11,'3:15','11 Street Fighting Man.mp3'),(247,'Brown Sugar',18,15,1,'3:49','01 Brown Sugar.mp3'),(248,'Sway',18,15,2,'3:53','02 Sway.mp3'),(249,'Wild Horses',18,15,3,'5:44','03 Wild Horses.mp3'),(250,'Can\'t You Hear Me Knocking',18,15,4,'7:16','04 Can\'t You Hear Me Knocking.mp3'),(251,'You Gotta Move',18,15,5,'2:34','05 You Gotta Move.mp3'),(252,'Bitch',18,15,6,'3:38','06 Bitch.mp3'),(253,'I Got The Blues',18,15,7,'3:55','07 I Got The Blues.mp3'),(254,'Sister Morphine',18,15,8,'5:35','08 Sister Morphine.mp3'),(255,'Dead Flowers',18,15,9,'4:05','09 Dead Flowers.mp3'),(256,'Moonlight Mile',18,15,10,'5:57','10 Moonlight Mile.mp3'),(257,'Brown Sugar (Alternate Version)',19,15,1,'4:07','01 Brown Sugar (Alternate Version).mp3'),(258,'Wild Horses (Acoustic Version)',19,15,2,'5:47','02 Wild Horses (Acoustic Version).mp3'),(259,'Can\'t You Hear Me Knocking (Alternate Version)',19,15,3,'3:24','03 Can\'t You Hear Me Knocking (Alternate Version).mp3'),(260,'Bitch (Extended Version)',19,15,4,'5:53','04 Bitch (Extended Version).mp3'),(261,'Dead Flowers (Alternate Version)',19,15,5,'4:18','05 Dead Flowers (Alternate Version).mp3'),(262,'Live With Me [Live]',19,15,6,'4:22','06 Live With Me [Live].mp3'),(263,'Stray Cat Blues [Live]',19,15,7,'3:48','07 Stray Cat Blues [Live].mp3'),(264,'Love In Vain [Live]',19,15,8,'6:42','08 Love In Vain [Live].mp3'),(265,'Midnight Rambler [Live]',19,15,9,'11:27','09 Midnight Rambler [Live].mp3'),(266,'Honky Tonk Women [Live]',19,15,10,'4:14','10 Honky Tonk Women [Live].mp3'),(267,'Ameno',20,16,1,'3:49','01 Ameno.mp3'),(268,'Mother',20,16,2,'4:09','02 Mother.mp3'),(269,'Avemano',20,16,3,'4:16','03 Avemano.mp3'),(270,'Enae Volare Mezzo',20,16,4,'3:49','04 Enae Volare Mezzo.mp3'),(271,'Misere Mani',20,16,5,'4:04','05 Misere Mani.mp3'),(272,'Cathar Rhythm',20,16,6,'3:21','06 Cathar Rhythm.mp3'),(273,'Ameno',20,16,7,'4:19','07 Ameno.mp3'),(274,'Sempire d\'Amor',20,16,8,'1:52','08 Sempire d\'Amor.mp3'),(275,'Mother',20,16,9,'5:00','09 Mother.mp3'),(276,'Mirror',20,16,10,'3:58','10 Mirror.mp3'),(277,'Era',20,16,11,'3:15','11 Era.mp3'),(278,'Impera',20,16,12,'4:34','12 Impera.mp3'),(279,'The Mass',21,16,1,'3:42','01 The Mass.mp3'),(280,'Looking For Something',21,16,2,'4:10','02 Looking For Something.mp3'),(281,'Don\'t Go Away',21,16,3,'4:26','03 Don\'t Go Away.mp3'),(282,'Don\'t You Forget',21,16,4,'3:43','04 Don\'t You Forget.mp3'),(283,'If You Shout',21,16,5,'3:51','05 If You Shout.mp3'),(284,'Avemano (Orchestral)',21,16,6,'4:22','06 Avemano (Orchestral).mp3'),(285,'Enae Volare',21,16,7,'3:37','07 Enae Volare.mp3'),(286,'Sombre Day',21,16,8,'3:42','08 Sombre Day.mp3'),(287,'Voxifera',21,16,9,'4:23','09 Voxifera.mp3'),(288,'The Champions',21,16,10,'3:31','10 The Champions.mp3'),(289,'Omen Sore',22,16,1,'4:45','01 Omen Sore.mp3'),(290,'Divano',22,16,2,'3:56','02 Divano.mp3'),(291,'Devore Amante',22,16,3,'4:18','03 Devore Amante.mp3'),(292,'Sentence',22,16,4,'4:55','04 Sentence.mp3'),(293,'Don\'t U',22,16,5,'3:53','05 Don\'t U.mp3'),(294,'Infanati',22,16,6,'4:27','06 Infanati.mp3'),(295,'Madona',22,16,7,'4:22','07 Madona.mp3'),(296,'Hymne',22,16,8,'4:58','08 Hymne.mp3'),(297,'Misere Mani',22,16,9,'4:06','09 Misere Mani.mp3'),(298,'In Fine',22,16,10,'4:21','10 In Fine.mp3'),(299,'We Are All Made Of Stars',23,17,1,'4:34','01 We Are All Made Of Stars.mp3'),(300,'In This World',23,17,2,'4:03','02 In This World.mp3'),(301,'In My Heart',23,17,3,'4:37','03 In My Heart.mp3'),(302,'Great Escape',23,17,4,'2:09','04 Great Escape.mp3'),(303,'Signs Of Love',23,17,5,'4:26','05 Signs Of Love.mp3'),(304,'One Of These Mornings',23,17,6,'3:13','06 One Of These Mornings.mp3'),(305,'Another Woman',23,17,7,'3:56','07 Another Woman.mp3'),(306,'Fireworks',23,17,8,'2:13','08 Fireworks.mp3'),(307,'Extreme Ways',23,17,9,'3:58','09 Extreme Ways.mp3'),(308,'Jam For The Ladies',23,17,10,'3:22','10 Jam For The Ladies.mp3'),(309,'Sunday (The Day Before My Birthday)',23,17,11,'5:10','11 Sunday (The Day Before My Birthday).mp3'),(310,'18',23,17,12,'4:28','12 18.mp3'),(311,'Sleep Alone',23,17,13,'4:45','13 Sleep Alone.mp3'),(312,'At Least We Tried',23,17,14,'4:09','14 At Least We Tried.mp3'),(313,'Harbour',23,17,15,'6:27','15 Harbour.mp3'),(314,'Look Back In',23,17,16,'2:21','16 Look Back In.mp3'),(315,'The Rafters',23,17,17,'3:22','17 The Rafters.mp3'),(316,'I\'m Not Worried At All',23,17,18,'4:14','18 I\'m Not Worried At All.mp3'),(317,'La Vie, L\'Amour',24,18,1,'1:51','01 La Vie, L\'Amour.mp3'),(318,'La Vie En Rose',24,18,2,'3:08','02 La Vie En Rose.mp3'),(319,'Milord',24,18,3,'4:30','03 Milord.mp3'),(320,'Comme Moi (Like Me)',24,18,4,'2:59','04 Comme Moi (Like Me).mp3'),(321,'Le Vieux Piano (The Old Piano)',24,18,5,'3:14','05 Le Vieux Piano (The Old Piano).mp3'),(322,'Polichinelle (Punchinella)',24,18,6,'3:06','06 Polichinelle (Punchinella).mp3'),(323,'Toujours Aimer (Always Loving)',24,18,7,'3:15','07 Toujours Aimer (Always Loving).mp3'),(324,'L\'Effet Que Tu Me Fais',24,18,8,'3:17','08 L\'Effet Que Tu Me Fais.mp3'),(325,'Mon Manege A Moi',24,18,9,'3:04','09 Mon Manege A Moi.mp3'),(326,'Mon Dieu (My God)',24,18,10,'3:27','10 Mon Dieu (My God).mp3'),(327,'Hymne L\'Amour',24,18,11,'3:29','11 Hymne L\'Amour.mp3'),(328,'T\'es Beau, Tu Sais',24,18,12,'4:06','12 T\'es Beau, Tu Sais.mp3'),(329,'Bravo Pour Le Clown!',24,18,13,'3:11','13 Bravo Pour Le Clown!.mp3'),(330,'C\'est L\'Amour (It\'s Love)',24,18,14,'3:00','14 C\'est L\'Amour (It\'s Love).mp3'),(331,'Non, Je Ne Regrette Rien',24,18,15,'2:20','15 Non, Je Ne Regrette Rien.mp3'),(332,'Down On Me',25,19,1,'2:06','01 Down On Me.mp3'),(333,'Coo Coo',25,19,2,'1:58','02 Coo Coo.mp3'),(334,'Women Is Losers',25,19,3,'2:05','03 Women Is Losers.mp3'),(335,'Bye, Bye Baby',25,19,4,'2:39','04 Bye, Bye Baby.mp3'),(336,'Ball And Chain [Live]',25,19,5,'8:04','05 Ball And Chain [Live].mp3'),(337,'Roadblock',25,19,6,'5:32','06 Roadblock.mp3'),(338,'Piece Of My Heart',25,19,7,'4:15','07 Piece Of My Heart.mp3'),(339,'Misery\'n',25,19,8,'4:10','08 Misery\'n.mp3'),(340,'I Need A Man To Love',25,19,9,'4:54','09 I Need A Man To Love.mp3'),(341,'Summertime',25,19,10,'4:00','10 Summertime.mp3'),(342,'Flower In The Sun',25,19,11,'3:12','11 Flower In The Sun.mp3'),(343,'Farewell Song [Live]',25,19,12,'4:58','12 Farewell Song [Live].mp3'),(344,'Raise Your Hand',25,19,13,'2:58','13 Raise Your Hand.mp3'),(345,'To Love Somebody [Live]',25,19,14,'5:15','14 To Love Somebody [Live].mp3'),(346,'Kozmic Blues [Live]',25,19,15,'5:05','15 Kozmic Blues [Live].mp3'),(347,'Try (Just A Little Bit Harder)',26,19,1,'3:57','01 Try (Just A Little Bit Harder).mp3'),(348,'Maybe',26,19,2,'3:40','02 Maybe.mp3'),(349,'One Good Man',26,19,3,'4:11','03 One Good Man.mp3'),(350,'Little Girl Blue',26,19,4,'3:50','04 Little Girl Blue.mp3'),(351,'Work Me, Lord',26,19,5,'6:37','05 Work Me, Lord.mp3'),(352,'Tell Mama [Live]',26,19,6,'6:39','06 Tell Mama [Live].mp3'),(353,'Move Over',26,19,7,'3:42','07 Move Over.mp3'),(354,'Cry Baby',26,19,8,'3:57','08 Cry Baby.mp3'),(355,'A Woman Left Lonely',26,19,9,'3:29','09 A Woman Left Lonely.mp3'),(356,'Half Moon',26,19,10,'3:53','10 Half Moon.mp3'),(357,'My Baby',26,19,11,'3:45','11 My Baby.mp3'),(358,'Me And Bobby McGee',26,19,12,'4:31','12 Me And Bobby McGee.mp3'),(359,'Mercedes Benz',26,19,13,'1:47','13 Mercedes Benz.mp3'),(360,'Trust Me',26,19,14,'3:17','14 Trust Me.mp3'),(361,'Get It While You Can',26,19,15,'3:25','15 Get It While You Can.mp3'),(362,'Mercedes Benz (Remix)',26,19,16,'3:46','16 Mercedes Benz (Remix).mp3'),(363,'E5150',27,20,1,'2:09','01 E5150.mp3'),(364,'Neon Knights',27,20,2,'4:28','02 Neon Knights.mp3'),(365,'N.I.B',27,20,3,'5:09','03 N.I.B.mp3'),(366,'Children Of The Sea',27,20,4,'6:04','04 Children Of The Sea.mp3'),(367,'Voodoo',27,20,5,'5:24','05 Voodoo.mp3'),(368,'Black Sabbath',27,20,6,'8:34','06 Black Sabbath.mp3'),(369,'War Pigs',27,20,7,'9:18','07 War Pigs.mp3'),(370,'Iron Man',27,20,8,'7:11','08 Iron Man.mp3'),(371,'The Mob Rules',27,20,9,'3:18','09 The Mob Rules.mp3'),(372,'Heaven And Hell',27,20,10,'11:58','10 Heaven And Hell.mp3'),(373,'The Sign Of The Southern Cross',27,20,11,'7:16','11 The Sign Of The Southern Cross.mp3'),(374,'Paranoid',27,20,12,'3:25','12 Paranoid.mp3'),(375,'Children Of The Grave',27,20,13,'5:02','13 Children Of The Grave.mp3'),(376,'Fluff',27,20,14,'0:43','14 Fluff.mp3'),(377,'Black Sabbath',28,20,1,'6:18','01 Black Sabbath.mp3'),(378,'N.I.B',28,20,2,'5:24','02 N.I.B.mp3'),(379,'The Wizard',28,20,3,'4:21','03 The Wizard.mp3'),(380,'Warning',28,20,4,'10:35','04 Warning.mp3'),(381,'Evil Woman',28,20,5,'3:23','05 Evil Woman.mp3'),(382,'Paranoid',28,20,6,'2:50','06 Paranoid.mp3'),(383,'Iron Man',28,20,7,'5:57','07 Iron Man.mp3'),(384,'War Pigs',28,20,8,'7:56','08 War Pigs.mp3'),(385,'Fairies Wear Boots',28,20,9,'6:16','09 Fairies Wear Boots.mp3'),(386,'Sweet Leaf',28,20,10,'5:05','10 Sweet Leaf.mp3'),(387,'Children Of The Grave',28,20,11,'5:18','11 Children Of The Grave.mp3'),(388,'Into The Void',28,20,12,'6:14','12 Into The Void.mp3'),(389,'Lord Of This World',28,20,13,'5:25','13 Lord Of This World.mp3'),(390,'After Forever',29,20,1,'5:27','01 After Forever.mp3'),(391,'Snowblind',29,20,2,'5:29','02 Snowblind.mp3'),(392,'Laguna Sunrise',29,20,3,'2:51','03 Laguna Sunrise.mp3'),(393,'Changes',29,20,4,'4:43','04 Changes.mp3'),(394,'Tomorrow\'s Dream',29,20,5,'3:09','05 Tomorrow\'s Dream.mp3'),(395,'Supernaut',29,20,6,'4:44','06 Supernaut.mp3'),(396,'Sabbath Bloody Sabbath',29,20,7,'5:45','07 Sabbath Bloody Sabbath.mp3'),(397,'Fluff',29,20,8,'4:10','08 Fluff.mp3'),(398,'Sabbra Cadabra',29,20,9,'5:57','09 Sabbra Cadabra.mp3'),(399,'Am I Going Insane (Radio)',29,20,10,'4:16','10 Am I Going Insane (Radio).mp3'),(400,'Symptom Of The Universe',29,20,11,'6:29','11 Symptom Of The Universe.mp3'),(401,'Hole In The Sky',29,20,12,'4:01','12 Hole In The Sky.mp3'),(402,'Rock \'N\' Roll Doctor',29,20,13,'3:27','13 Rock \'N\' Roll Doctor.mp3'),(403,'Dirty Woman',29,20,14,'7:14','14 Dirty Woman.mp3'),(404,'Never Say Die',29,20,15,'3:49','15 Never Say Die.mp3'),(405,'A Hard Road',29,20,16,'6:01','16 A Hard Road.mp3'),(406,'You Know You\'re Right',30,21,1,'3:40','01 You Know You\'re Right.mp3'),(407,'About A Girl',30,21,2,'2:50','02 About A Girl.mp3'),(408,'Been A Son',30,21,3,'2:23','03 Been A Son.mp3'),(409,'Sliver',30,21,4,'2:13','04 Sliver.mp3'),(410,'Smells Like Teen Spirit',30,21,5,'5:03','05 Smells Like Teen Spirit.mp3'),(411,'Come As You Are',30,21,6,'3:41','06 Come As You Are.mp3'),(412,'Lithium',30,21,7,'4:19','07 Lithium.mp3'),(413,'In Bloom',30,21,8,'4:17','08 In Bloom.mp3'),(414,'Heart-Shaped Box',30,21,9,'4:41','09 Heart-Shaped Box.mp3'),(415,'Pennyroyal Tea',30,21,10,'3:38','10 Pennyroyal Tea.mp3'),(416,'Rape Me',30,21,11,'2:51','11 Rape Me.mp3'),(417,'Dumb',30,21,12,'2:32','12 Dumb.mp3'),(418,'All Apologies',30,21,13,'3:48','13 All Apologies.mp3'),(419,'The Man Who Sold The World',30,21,14,'3:50','14 The Man Who Sold The World.mp3'),(420,'Where Did You Sleep Last Night',30,21,15,'5:04','15 Where Did You Sleep Last Night.mp3'),(421,'Serve The Servants',31,21,1,'3:36','01 Serve The Servants.mp3'),(422,'Scentless Apprentice',31,21,2,'3:48','02 Scentless Apprentice.mp3'),(423,'Heart-Shaped Box',31,21,3,'4:42','03 Heart-Shaped Box.mp3'),(424,'Rape Me',31,21,4,'2:50','04 Rape Me.mp3'),(425,'Frances Farmer',31,21,5,'4:10','05 Frances Farmer.mp3'),(426,'Dumb',31,21,6,'2:32','06 Dumb.mp3'),(427,'Very Ape',31,21,7,'1:56','07 Very Ape.mp3'),(428,'Milk It',31,21,8,'3:55','08 Milk It.mp3'),(429,'Pennyroyal Tea',31,21,9,'3:37','09 Pennyroyal Tea.mp3'),(430,'Radio Friendly Unit Shifter',31,21,10,'4:51','10 Radio Friendly Unit Shifter.mp3'),(431,'Tourette\'s',31,21,11,'1:35','11 Tourette\'s.mp3'),(432,'All Apologies',31,21,12,'3:50','12 All Apologies.mp3'),(433,'Intro',32,21,1,'0:52','01 Intro.mp3'),(434,'School',32,21,2,'2:40','02 School.mp3'),(435,'Drain You',32,21,3,'3:35','03 Drain You.mp3'),(436,'Aneurysm',32,21,4,'4:32','04 Aneurysm.mp3'),(437,'Smells Like Teen Spirit',32,21,5,'4:47','05 Smells Like Teen Spirit.mp3'),(438,'Been A Son',32,21,6,'2:07','06 Been A Son.mp3'),(439,'Lithium',32,21,7,'4:10','07 Lithium.mp3'),(440,'Sliver',32,21,8,'1:56','08 Sliver.mp3'),(441,'Spank Thru',32,21,9,'3:10','09 Spank Thru.mp3'),(442,'Scentless Apprentice',32,21,10,'3:31','10 Scentless Apprentice.mp3'),(443,'Heart-Shaped Box',32,21,11,'4:42','11 Heart-Shaped Box.mp3'),(444,'Milk It',32,21,12,'3:46','12 Milk It.mp3'),(445,'Negative Creep',32,21,13,'2:44','13 Negative Creep.mp3'),(446,'Polly',32,21,14,'2:30','14 Polly.mp3'),(447,'Breed',32,21,15,'3:28','15 Breed.mp3'),(448,'Tourette\'s',32,21,16,'1:55','16 Tourette\'s.mp3'),(449,'Blew',32,21,17,'3:36','17 Blew.mp3'),(450,'Honey',33,17,1,'3:29','01 Honey.mp3'),(451,'Find My Baby',33,17,2,'3:59','02 Find My Baby.mp3'),(452,'Porcelain',33,17,3,'4:01','03 Porcelain.mp3'),(453,'Why Does My Heart Feel So Bad',33,17,4,'4:25','04 Why Does My Heart Feel So Bad-.mp3'),(454,'South Side',33,17,5,'3:50','05 South Side.mp3'),(455,'Rushing',33,17,6,'3:00','06 Rushing.mp3'),(456,'Bodyrock',33,17,7,'3:36','07 Bodyrock.mp3'),(457,'Natural Blues',33,17,8,'4:14','08 Natural Blues.mp3'),(458,'Machete',33,17,9,'3:58','09 Machete.mp3'),(459,'7',33,17,10,'1:02','10 7.mp3'),(460,'Run On',33,17,11,'3:45','11 Run On.mp3'),(461,'Down Slow',33,17,12,'1:35','12 Down Slow.mp3'),(462,'If Things Were Perfect',33,17,13,'4:19','13 If Things Were Perfect.mp3'),(463,'Everloving',33,17,14,'3:26','14 Everloving.mp3'),(464,'Inside',33,17,15,'4:49','15 Inside.mp3'),(465,'Guitar Flute And String',33,17,16,'2:09','16 Guitar Flute And String.mp3'),(466,'The Sky Is Broken',33,17,17,'4:19','17 The Sky Is Broken.mp3'),(467,'My Weakness',33,17,18,'3:38','18 My Weakness.mp3'),(468,'Flower',34,17,1,'3:27','01 Flower.mp3'),(469,'Sunday',34,17,2,'5:03','02 Sunday.mp3'),(470,'Memory Gospel',34,17,3,'6:42','03 Memory Gospel.mp3'),(471,'Whispering Wind',34,17,4,'6:03','04 Whispering Wind.mp3'),(472,'Summer',34,17,5,'5:58','05 Summer.mp3'),(473,'Spirit',34,17,6,'4:09','06 Spirit.mp3'),(474,'Flying Foxes',34,17,7,'6:16','07 Flying Foxes.mp3'),(475,'Sunspot',34,17,8,'6:49','08 Sunspot.mp3'),(476,'Flying Over The Dateline',34,17,9,'4:47','09 Flying Over The Dateline.mp3'),(477,'Running',34,17,10,'7:06','10 Running.mp3'),(478,'The Sun Never Stops Setting',34,17,11,'4:23','11 The Sun Never Stops Setting.mp3'),(479,'Bohemian Rhapsody',35,22,1,'5:58','01 Bohemian Rhapsody.mp3'),(480,'Another One Bites The Dust',35,22,2,'3:37','02 Another One Bites The Dust.mp3'),(481,'Killer Queen',35,22,3,'3:03','03 Killer Queen.mp3'),(482,'Fat Bottomed Girls',35,22,4,'3:24','04 Fat Bottomed Girls.mp3'),(483,'Bicycle Race',35,22,5,'3:04','05 Bicycle Race.mp3'),(484,'You\'re My Best Friend',35,22,6,'2:52','06 You\'re My Best Friend.mp3'),(485,'Don\'t Stop Me Now',35,22,7,'3:32','07 Don\'t Stop Me Now.mp3'),(486,'Save Me',35,22,8,'3:49','08 Save Me.mp3'),(487,'Crazy Little Thing Called Love',35,22,9,'2:44','09 Crazy Little Thing Called Love.mp3'),(488,'Somebody To Love',35,22,10,'4:57','10 Somebody To Love.mp3'),(489,'Now I\'m Here',35,22,11,'4:15','11 Now I\'m Here.mp3'),(490,'Good Old-Fashioned Lover Boy',35,22,12,'2:59','12 Good Old-Fashioned Lover Boy.mp3'),(491,'Play The Game',35,22,13,'3:30','13 Play The Game.mp3'),(492,'Flash',35,22,14,'2:49','14 Flash.mp3'),(493,'Seven Seas Of Rhye',35,22,15,'2:51','15 Seven Seas Of Rhye.mp3'),(494,'We Will Rock You',35,22,16,'2:03','16 We Will Rock You.mp3'),(495,'We Are The Champions',35,22,17,'3:00','17 We Are The Champions.mp3'),(496,'Play The Game',36,22,1,'3:32','01 Play The Game.mp3'),(497,'Dragon Attack',36,22,2,'4:19','02 Dragon Attack.mp3'),(498,'Another One Bites The Dust',36,22,3,'3:38','03 Another One Bites The Dust.mp3'),(499,'Need Your Loving Tonight',36,22,4,'2:49','04 Need Your Loving Tonight.mp3'),(500,'Crazy Little Thing Called Love',36,22,5,'2:45','05 Crazy Little Thing Called Love.mp3'),(501,'Rock It (Prime Jive)',36,22,6,'4:33','06 Rock It (Prime Jive).mp3'),(502,'Don\'t Try Suicide',36,22,7,'3:53','07 Don\'t Try Suicide.mp3'),(503,'Sail Away Sweet Sister',36,22,8,'3:32','08 Sail Away Sweet Sister.mp3'),(504,'Coming Soon',36,22,9,'2:51','09 Coming Soon.mp3'),(505,'Save Me',36,22,10,'3:49','10 Save Me.mp3'),(506,'Tie Your Mother Down[Live]',37,22,1,'3:56','01 Tie Your Mother Down.mp3'),(507,'Seven Seas Of Rhye[Live]',37,22,2,'1:09','02 Seven Seas Of Rhye.mp3'),(508,'Keep Yourself Alive[Live]',37,22,3,'2:45','03 Keep Yourself Alive.mp3'),(509,'Liar[Live]',37,22,4,'1:56','04 Liar.mp3'),(510,'It\'s A Hard Life[Live]',37,22,5,'4:38','05 It\'s A Hard Life.mp3'),(511,'Now I\'m Here[Live]',37,22,6,'5:25','06 Now I\'m Here.mp3'),(512,'Is This The World We Created[Live]',37,22,7,'2:51','07 Is This The World We Created.mp3'),(513,'Love Of My Life[Live]',37,22,8,'4:37','08 Love Of My Life.mp3'),(514,'Brighton Rock[Live]',37,22,9,'3:03','09 Brighton Rock.mp3'),(515,'Hammer To Fall[Live]',37,22,10,'5:00','10 Hammer To Fall.mp3'),(516,'Bohemian Rhapsody[live]',37,22,11,'5:18','11 Bohemian Rhapsody.mp3'),(517,'Radio Ga-Ga[Live]',37,22,12,'5:43','12 Radio Ga-Ga.mp3'),(518,'I Want To Break Free[Live]',37,22,13,'3:25','13 I Want To Break Free.mp3'),(519,'We Will Rock You[Live]',37,22,14,'2:29','14 We Will Rock You.mp3'),(520,'We Are The Champions[Live]',37,22,15,'4:06','15 We Are The Champions.mp3'),(521,'God Save The Queen[Live]',37,22,16,'1:11','16 God Save The Queen.mp3'),(522,'Riders On The Storm',38,23,1,'7:15','01 Riders On The Storm.mp3'),(523,'Break On Through',38,23,2,'2:28','02 Break On Through (To The Other Side).mp3'),(524,'Roadhouse Blues',38,23,3,'4:06','03 Roadhouse Blues.mp3'),(525,'Soul Kitchen',38,23,4,'3:35','04 Soul Kitchen.mp3'),(526,'Love Her Madly',38,23,5,'3:19','05 Love Her Madly.mp3'),(527,'Alabama Song',38,23,6,'3:19','06 Alabama Song (Whiskey Bar).mp3'),(528,'Peace Frog',38,23,7,'2:53','07 Peace Frog.mp3'),(529,'Waiting For The Sun',38,23,8,'4:01','08 Waiting For The Sun.mp3'),(530,'Who Scared You',38,23,9,'3:55','09 Who Scared You-.mp3'),(531,'The Crystal Ship',38,23,10,'2:34','10 The Crystal Ship.mp3'),(532,'Wishful Sinful',38,23,11,'2:58','11 Wishful Sinful.mp3'),(533,'Love Street',38,23,12,'2:51','12 Love Street.mp3'),(534,'Wintertime Love',38,23,13,'1:54','13 Wintertime Love.mp3'),(535,'The Spy',38,23,14,'4:17','14 The Spy.mp3'),(536,'Back Door Man',38,23,15,'3:35','15 Back Door Man.mp3'),(537,'My Eyes Have Seen You',38,23,16,'2:28','16 My Eyes Have Seen You.mp3'),(538,'Five To One',38,23,17,'4:26','17 Five To One.mp3'),(539,'The End',38,23,18,'11:47','18 The End.mp3'),(540,'Light My Fire',39,23,1,'7:08','01 Light My Fire.mp3'),(541,'Hello, I Love You',39,23,2,'2:15','02 Hello, I Love You.mp3'),(542,'People Are Strange',39,23,3,'2:12','03 People Are Strange.mp3'),(543,'Love Me Two Times',39,23,4,'3:16','04 Love Me Two Times.mp3'),(544,'Touch Me',39,23,5,'3:14','05 Touch Me.mp3'),(545,'Strange Days',39,23,6,'3:08','06 Strange Days.mp3'),(546,'Spanish Caravan',39,23,7,'2:59','07 Spanish Caravan.mp3'),(547,'Moonlight Drive',39,23,8,'3:02','08 Moonlight Drive.mp3'),(548,'We Could Be So Good Together',39,23,9,'2:24','09 We Could Be So Good Together.mp3'),(549,'The Unknown Soldier',39,23,10,'3:23','10 The Unknown Soldier.mp3'),(550,'Queen Of The Highway',39,23,11,'2:50','11 Queen Of The Highway.mp3'),(551,'Shaman\'s Blues',39,23,12,'4:50','12 Shaman\'s Blues.mp3'),(552,'The Wasp',39,23,13,'4:14','13 The Wasp (Texas Radio And The Big Beat).mp3'),(553,'L.A. Woman',39,23,14,'7:52','14 L.A. Woman.mp3'),(554,'Whiskey, Mystics And Men',39,23,15,'2:23','15 Whiskey, Mystics And Men.mp3'),(555,'Summer\'s Almost Gone',39,23,16,'3:23','16 Summer\'s Almost Gone.mp3'),(556,'You\'re Lost Little Girl',39,23,17,'3:02','17 You\'re Lost Little Girl.mp3'),(557,'When The Music\'s Over',39,23,18,'11:01','18 When The Music\'s Over.mp3'),(558,'No Me Moleste Mosquito',39,23,19,'5:18','19 No Me Mileste Mosquito.mp3'),(559,'Gloria',39,23,20,'6:18','20 Gloria.mp3'),(560,'Allegro Ma Non Troppo',40,24,1,'14:30','01 Allegro Ma Non Troppo.mp3'),(561,'Molto Vivace',40,24,2,'11:42','02 Molto Vivace.mp3'),(562,'Adagio Molto E Cantabile',40,24,3,'13:38','03 Adagio Molto E Cantabile.mp3'),(563,'Presto',40,24,4,'23:40','04 Presto.mp3'),(564,'Copycat',41,3,1,'3:13','01 Copycat.mp3'),(565,'IDWBYA',41,3,2,'3:23','02 IDWBYA.mp3'),(566,'My Boy',41,3,3,'2:50','03 My Boy.mp3'),(567,'Watch',41,3,4,'2:57','04 Watch.mp3'),(568,'Party Favor',41,3,5,'3:24','05 Party Favor.mp3'),(569,'Bellyache',41,3,6,'2:59','06 Bellyache.mp3'),(570,'Ocean Eyes',41,3,7,'3:20','07 Ocean Eyes.mp3'),(571,'Hostage',41,3,8,'3:49','08 Hostage.mp3'),(572,'Cannibal Holocaust',42,25,1,'2:59','01-Cannibal Holocaust (Main Theme).mp3'),(573,'Adulteress\' Punishment',42,25,2,'3:23','02-Adulteress\' Punishment.mp3'),(574,'Cameramen\'s Recreation',42,25,3,'3:18','03-Cameramen\'s Recreation.mp3'),(575,'Massacre Of The Troupe',42,25,4,'3:56','04-Massacre Of The Troupe.mp3'),(576,'Love With Fun',42,25,5,'2:55','05-Love With Fun.mp3'),(577,'Crucified Woman',42,25,6,'2:22','06-Crucified Woman.mp3'),(578,'Relaxing In The Savana',42,25,7,'3:08','07-Relaxing In The Savana.mp3'),(579,'Savage Rite',42,25,8,'3:42','08-Savage Rite.mp3'),(580,'Drinking Coco',42,25,9,'3:25','09-Drinking Coco.mp3'),(581,'Cannibal Holocaust (End Titles)',42,25,10,'3:53','10-Cannibal Holocaust (End Titles).mp3'),(582,'Project X',43,26,1,'2:04','01. Pusha T.mp3'),(583,'Bitch Betta Have My Money',43,26,2,'3:16','02. AMG - Bitch Betta Have My Money.mp3'),(584,'Tipsy (Club Mix)',43,26,3,'4:03','03. J-Kwon - Tipsy (Club Mix).mp3'),(585,'Candy (Feat. Pitbull)',43,26,4,'3:58','04. Far East Movement - Candy (Feat. Pitbull).mp3'),(586,'Ray Ban Vision',43,26,5,'3:35','05. A-Trak - Ray Ban Vision.mp3'),(587,'Le Disko',43,26,6,'5:55','06. Shiny Toy Guns - Le Disko (Boys Noize Fire Mix).mp3'),(588,'Nasty',43,26,7,'3:04','07. NaS - Nasty.mp3'),(589,'Pursuit Of Happiness',43,26,8,'6:13','08. Kid Cudi - Pursuit Of Happiness (Steve Aoki Dance Remix).mp3'),(590,'Heads Will Roll',43,26,9,'6:23','09. Yeah Yeah Yeahs - Heads Will Roll (A-Trak Remix).mp3'),(591,'Pretty Girls',43,26,10,'4:13','10. Wale - Pretty Girls (Benny Benassi Remix).mp3'),(592,'The Next Episode',43,26,11,'2:42','11. Dr. Dre - The Next Episode (Feat. Snoop Dogg).mp3'),(593,'Fight Music',43,26,12,'4:21','12. D12 - Fight Music.mp3'),(594,'Wild Boy',43,26,13,'4:08','13. Machine Gun Kelly - Wild Boy (Ricky Luna Remix).mp3'),(595,'Despicable Dogs',44,26,1,'4:12','01. Small Black - Despicable Dogs (Washed Out Remix).mp3'),(596,'My Girls',44,26,2,'5:40','02. Animal Collective - My Girls.mp3'),(597,'Cheap And Cheerful',44,26,3,'5:56','03. The Kills - Cheap And Cheerful (Sebastian Remix).mp3'),(598,'She Just Likes To Fight',44,26,4,'4:34','04. Four Tet - She Just Likes To Fight.mp3'),(599,'Push It',44,26,5,'3:30','05. Salt-N-Pepa - Push It.mp3'),(600,'Hands High',44,26,6,'4:42','06. Bang On! - Hands High.mp3'),(601,'Paging Stereophonic',44,26,7,'4:33','07. Bassnectar - Paging Stereophonic.mp3'),(602,'In A Hood Near You',44,26,8,'3:59','08. Suni Clay - In A Hood Near You.mp3'),(603,'Daft Punk Is Playing',44,26,9,'5:16','10. LCD Soundsystem - Daft Punk Is Playing At My House.mp3'),(604,'Intro',44,26,10,'2:07','11. The XX - Intro.mp3'),(605,'Free Falling',44,26,11,'3:43','12. The Bangerz - Free Falling.mp3'),(606,'Battery',44,26,12,'5:13','13. Metallica - Battery.mp3'),(607,'Rhino Jockey',44,26,13,'7:30','14. Amon Tobin - Rhino Jockey.mp3'),(608,'H.A.M.',44,26,14,'4:37','15. Jay-Z.mp3'),(609,'Outta Your Mind Ft. LMFAO',44,26,15,'4:10','17. Lil Jon - Outta Your Mind Ft. LMFAO.mp3'),(610,'Bump N\' Grind',44,26,16,'4:14','18. R. Kelly - Bump N\' Grind.mp3'),(611,'Over',44,26,17,'3:45','19. Drake - Over (Hyper Crush Remix).mp3'),(612,'Marina Do Bairro',44,26,18,'2:14','20. Bonde Do Role - Marina Do Bairro.mp3'),(613,'Hip Hop',44,26,19,'3:46','21. Dead Prez - Hip Hop.mp3'),(614,'We Want Some Pussy',44,26,20,'2:49','22. The 2 Live Crew - We Want Some Pussy.mp3'),(615,'When I\'m Gone',44,26,21,'4:09','23. Wiz Khalifa - When I\'m Gone.mp3'),(616,'O.N.E.',44,26,22,'5:25','24. Yeasayer - O.N.E..mp3'),(617,'I\'m A Thug',44,26,23,'4:14','25. Trick Daddy - I\'m A Thug.mp3'),(618,'Featuring PC Of KNGDM',44,26,24,'4:27','26. SB - F N G Featuring PC Of KNGDM.mp3'),(619,'You\'re Beautiful',44,26,25,'3:33','27. James Blunt - You\'re Beautiful.mp3'),(620,'You Think I Ain\'t Worth',44,26,26,'3:12','28 You Think I Ain\'t Worth.mp3'),(621,'Dressed In Dresden',44,26,27,'3:35','29. The Hundred In The Hands - Dressed In Dresden.mp3'),(622,'Classixx Remix',44,26,28,'4:13','30. Yacht - Psychic City - Classixx Remix.mp3'),(623,'Beamer Benz Or Bentley',44,26,29,'3:28','31. Lloyd Banks - Beamer, Benz Or Bentley (Feat. Juelz Santana).mp3'),(624,'W.T.P.',44,26,30,'3:58','32. Eminem - W.T.P..mp3'),(625,'Blow Up',44,26,31,'4:59','33. J. Cole - Blow Up.mp3'),(626,'Get Back!',44,26,32,'3:12','34. Ice Cube - Click, Clack - Get Back!.mp3'),(627,'Riot',44,26,33,'4:15','35. Designer Drugs - Riot.mp3'),(628,'Ponnu Pambayil',45,27,1,'5:51','01 Ponnu Pambayil.mp3'),(629,'Pamba Pamba',45,27,2,'7:32','02 Pamba Pamba.mp3'),(630,'Kannadi Chillolum',45,27,3,'4:21','03 Kannadi Chillolum.mp3'),(631,'Magical Mystery Tour',46,28,1,'2:49','01 Magical Mystery Tour.mp3'),(632,'The Fool on the Hill',46,28,2,'2:58','02 The Fool on the Hill.mp3'),(633,'Flying',46,28,3,'2:15','03 Flying [from the Film \'Magical Mystery Tour\'].mp3'),(634,'Blue Jay Way',46,28,4,'3:54','04 Blue Jay Way [from the Film \'Magical Mystery Tour\'].mp3'),(635,'Your Mother Should Know',46,28,5,'2:28','05 Your Mother Should Know [from the Film \'Magical Mystery Tour\'].mp3'),(636,'I Am the Walrus',46,28,6,'4:35','06 I Am the Walrus [from the Film \'Magical Mystery Tour\'].mp3'),(637,'Hello Goodbye',46,28,7,'3:28','07 Hello Goodbye.mp3'),(638,'Strawberry Fields Forever',46,28,8,'4:07','08 Strawberry Fields Forever.mp3'),(639,'Penny Lane',46,28,9,'3:00','09 Penny Lane.mp3'),(640,'Baby You\'re a Rich Man',46,28,10,'3:00','10 Baby You\'re a Rich Man.mp3'),(641,'All You Need Is Love',46,28,11,'3:50','11 All You Need Is Love.mp3'),(642,'Starboy',47,29,1,'3:50','01 Starboy (feat. Daft Punk).m4a'),(643,'Party Monster',47,29,2,'4:09','02 Party Monster.m4a'),(644,'False Alarm',47,29,3,'3:40','03 False Alarm.m4a'),(645,'Reminder',47,29,4,'3:38','04 Reminder.m4a'),(646,'Rockin',47,29,5,'3:52','05 Rockin_.m4a'),(647,'Secrets',47,29,6,'4:25','06 Secrets.m4a'),(648,'True Colors',47,29,7,'3:26','07 True Colors.m4a'),(649,'Stargirl Interlude',47,29,8,'1:51','08 Stargirl Interlude (feat. Lana De.m4a'),(650,'Sidewalks (feat. Kendrick Lamar)',47,29,9,'3:51','09 Sidewalks (feat. Kendrick Lamar).m4a'),(651,'Six Feet Under',47,29,10,'3:57','10 Six Feet Under.m4a'),(652,'Love To Lay',47,29,11,'3:43','11 Love To Lay.m4a'),(653,'A Lonely Night',47,29,12,'3:40','12 A Lonely Night.m4a'),(654,'Attention',47,29,13,'3:17','13 Attention.m4a'),(655,'Ordinary Life',47,29,14,'3:41','14 Ordinary Life.m4a'),(656,'Nothing Without You',47,29,15,'3:18','15 Nothing Without You.m4a'),(657,'All I Know (feat. Future)',47,29,16,'5:21','16 All I Know (feat. Future).m4a'),(658,'Die For You',47,29,17,'4:20','17 Die For You.m4a'),(659,'I Feel It Coming',47,29,18,'4:29','18 I Feel It Coming (feat. Daft Punk.m4a'),(660,'Real Life',48,29,1,'3:43','01 Real Life.m4a'),(661,'Losers (feat. Labrinth)',48,29,2,'4:41','02 Losers (feat. Labrinth).m4a'),(662,'Tell Your Friends',48,29,3,'5:34','03 Tell Your Friends.m4a'),(663,'Often',48,29,4,'4:09','04 Often.m4a'),(664,'The Hills',48,29,5,'4:02','05 The Hills.m4a'),(665,'Acquainted',48,29,6,'5:48','06 Acquainted.m4a'),(666,'Can\'t Feel My Face',48,29,7,'3:33','07 Can\'t Feel My Face.m4a'),(667,'Shameless',48,29,8,'4:13','08 Shameless.m4a'),(668,'Earned It (Fifty Shades of Grey)',48,29,9,'4:37','09 Earned It (Fifty Shades of Grey).m4a'),(669,'In the Night',48,29,10,'3:55','10 In the Night.m4a'),(670,'As You Are',48,29,11,'5:40','11 As You Are.m4a'),(671,'Dark Times (feat. Ed Sheeran)',48,29,12,'4:20','12 Dark Times (feat. Ed Sheeran).m4a'),(672,'Prisoner (feat. Lana Del Rey)',48,29,13,'4:35','13 Prisoner (feat. Lana Del Rey).m4a'),(673,'Angel',48,29,14,'6:17','14 Angel.m4a'),(674,'Airbag',49,30,1,'4:44','01 Airbag.mp3'),(675,'Paranoid Android',49,30,2,'6:23','02 Paranoid Android.mp3'),(676,'Subterranean Homesick Alien',49,30,3,'4:28','03 Subterranean Homesick Alien.mp3'),(677,'Exit Music (For a Film)',49,30,4,'4:24','04 Exit Music (For a Film).mp3'),(678,'Let Down',49,30,5,'4:58','05 Let Down.mp3'),(679,'Karma Police',49,30,6,'4:21','06 Karma Police.mp3'),(680,'Fitter Happier',49,30,7,'1:57','07 Fitter Happier.mp3'),(681,'Electioneering',49,30,8,'3:50','08 Electioneering.mp3'),(682,'Climbing Up the Walls',49,30,9,'4:44','09 Climbing Up the Walls.mp3'),(683,'No Surprises',49,30,10,'3:48','10 No Surprises.mp3'),(684,'Lucky',49,30,11,'4:19','11 Lucky.mp3'),(685,'The Tourist',49,30,12,'5:25','12 The Tourist.mp3'),(686,'I Promise',50,30,1,'3:59','01 I Promise.mp3'),(687,'Man of War',50,30,2,'4:28','02 Man of War.mp3'),(688,'Lift',50,30,3,'4:06','03 Lift.mp3'),(689,'Lull',50,30,4,'2:25','04 Lull.mp3'),(690,'Meeting in the Aisle',50,30,5,'3:07','05 Meeting in the Aisle.mp3'),(691,'Melatonin',50,30,6,'2:08','06 Melatonin.mp3'),(692,'A Reminder',50,30,7,'3:52','07 A Reminder.mp3'),(693,'Polyethylene',50,30,8,'4:22','08 Polyethylene, Pts. 1-2.mp3'),(694,'Pearly',50,30,9,'3:38','09 Pearly.mp3'),(695,'Palo Alto',50,30,10,'3:51','10 Palo Alto.mp3'),(696,'How I Made My Millions',50,30,11,'3:09','11 How I Made My Millions.mp3'),(697,'Merry-Go-Round of Life',51,31,1,'2:47','01 - Merry-Go-Round of Life.mp3'),(698,'Cheerful Calvary',51,31,2,'1:04','02 - Cheerful Calvary.mp3'),(699,'Sky Stroll',51,31,3,'2:28','03 - Sky Stroll.mp3'),(700,'Heartbeat',51,31,4,'0:34','04 - Heartbeat.mp3'),(701,'Witch of the Wasteland',51,31,5,'1:13','05 - Witch of the Wasteland.mp3'),(702,'Wandering Sophie',51,31,6,'4:33','06 - Wandering Sophie.mp3'),(703,'Magic Door',51,31,7,'5:41','07 - Magic Door.mp3'),(704,'Inerasable Curse',51,31,8,'0:58','08 - Inerasable Curse.mp3'),(705,'Spring Cleaning',51,31,9,'1:36','09 - Spring Cleaning.mp3'),(706,'To the Lake of Stars',51,31,10,'4:26','10 - To the Lake of Stars.mp3'),(707,'Peaceful Thoughts',51,31,11,'0:41','11 - Peaceful Thoughts.mp3'),(708,'In the Rain',51,31,12,'1:42','12 - In the Rain.mp3'),(709,'Vanity and Friendship',51,31,13,'4:11','13 - Vanity and Friendship.mp3'),(710,'A 90 Year-Old Girl',51,31,14,'1:14','14 - A 90 Year-Old Girl.mp3'),(711,'Saliman\'s Magic Square',51,31,15,'5:36','15 - Saliman\'s Magic Square, Return to the Castle.mp3'),(712,'Secret Cave',51,31,16,'2:47','16 - Secret Cave.mp3'),(713,'Moving',51,31,17,'3:19','17 - Moving.mp3'),(714,'Flower Garden',51,31,18,'3:12','18 - Flower Garden.mp3'),(715,'Run!',51,31,19,'1:11','19 - Run!.mp3'),(716,'It\'s Love, Isn\'t It!',51,31,20,'1:25','20 - It\'s Love, Isn\'t It!.mp3'),(717,'Family',51,31,21,'1:38','21 - Family.mp3'),(718,'Love of War',51,31,22,'3:10','22 - Love of War.mp3'),(719,'Escape',51,31,23,'1:46','23 - Escape.mp3'),(720,'Sophie\'s Castle',51,31,24,'2:52','24 - Sophie\'s Castle.mp3'),(721,'The Boy Who Accepted the Star',51,31,25,'7:43','25 - The Boy Who Accepted the Star.mp3'),(722,'The Promise of the World',51,31,26,'7:04','26 - The Promise of the World, Merry-Go-Round of Life.mp3'),(723,'Right Next Door to Hell',52,32,1,'3:02','01 Right Next Door to Hell.mp3'),(724,'Dust N\' Bones',52,32,2,'4:57','02 Dust N\' Bones.mp3'),(725,'Live and Let Die',52,32,3,'3:03','03 Live and Let Die.mp3'),(726,'Don\'t Cry [Original Version]',52,32,4,'4:44','04 Don\'t Cry [Original Version].mp3'),(727,'Perfect Crime',52,32,5,'2:23','05 Perfect Crime.mp3'),(728,'You Ain\'t the First',52,32,6,'2:35','06 You Ain\'t the First.mp3'),(729,'Bad Obsession',52,32,7,'5:28','07 Bad Obsession.mp3'),(730,'Back off Bitch',52,32,8,'5:03','08 Back off Bitch.mp3'),(731,'Double Talkin\' Jive',52,32,9,'3:23','09 Double Talkin\' Jive.mp3'),(732,'November Rain',52,32,10,'8:56','10 November Rain.mp3'),(733,'The Garden',52,32,11,'5:21','11 The Garden.mp3'),(734,'Garden of Eden',52,32,12,'2:41','12 Garden of Eden.mp3'),(735,'Don\'t Damn Me',52,32,11,'5:18','13 Don\'t Damn Me.mp3'),(736,'Bad Apples',52,32,14,'4:28','14 Bad Apples.mp3'),(737,'Dead Horse',52,32,15,'4:17','15 Dead Horse.mp3'),(738,'Coma',52,32,16,'10:14','16 Coma.mp3'),(739,'Civil War',53,32,1,'7:42','01. Civil War.mp3'),(740,'14 Years',53,32,2,'4:21','02. 14 Years.mp3'),(741,'Yesterdays',53,32,3,'3:16','03. Yesterdays.mp3'),(742,'Knockin\' On Heaven\'s Door',53,32,4,'5:36','04. Knockin\' On Heaven\'s Door.mp3'),(743,'Get In The Ring',53,32,5,'5:41','05. Get In The Ring.mp3'),(744,'Shotgun Blues',53,32,6,'3:23','06. Shotgun Blues.mp3'),(745,'Breakdown',53,32,7,'7:04','07. Breakdown.mp3'),(746,'Pretty Tied Up',53,32,8,'4:47','08. Pretty Tied Up.mp3'),(747,'Locomotive',53,32,9,'8:42','09. Locomotive.mp3'),(748,'So Fine',53,32,10,'4:06','10. So Fine.mp3'),(749,'Estranged',53,32,11,'9:23','11. Estranged.mp3'),(750,'You Could Be Mine',53,32,12,'5:43','12. You Could Be Mine.mp3'),(751,'Don\'t Cry (Alt. Lyrics)',53,32,13,'4:44','13. Don\'t Cry (Alt. Lyrics).mp3'),(752,'My World',53,32,14,'1:24','14. My World.mp3'),(753,'Welcome to the Jungle',54,32,1,'4:31','01 Welcome to the Jungle.mp3'),(754,'Sweet Child O\' Mine',54,32,2,'5:54','02 Sweet Child O\' Mine.mp3'),(755,'Patience',54,32,3,'5:55','03 Patience.mp3'),(756,'Paradise City',54,32,4,'6:47','04 Paradise City.mp3'),(757,'Knockin\' on Heaven\'s Door',54,32,5,'5:35','05 Knockin\' on Heaven\'s Door.mp3'),(758,'Civil War',54,32,6,'7:41','06 Civil War.mp3'),(759,'You Could Be Mine',54,32,7,'5:43','07 You Could Be Mine.mp3'),(760,'Don\'t Cry [Original Version]',54,32,8,'4:45','08 Don\'t Cry [Original Version].mp3'),(761,'November Rain',54,32,9,'8:56','09 November Rain.mp3'),(762,'Live and Let Die',54,32,10,'3:02','10 Live and Let Die.mp3'),(763,'Yesterdays',54,32,11,'3:15','11 Yesterdays.mp3'),(764,'Ain\'t It Fun',54,32,12,'5:07','12 Ain\'t It Fun.mp3'),(765,'Since I Don\'t Have You',54,32,13,'4:19','13 Since I Don\'t Have You.mp3'),(766,'Sympathy for the Devil',54,32,14,'7:35','14 Sympathy for the Devil.mp3'),(767,'Kozmic Blues',26,19,17,'4:25','17 Kozmic Blues.mp3'),(768,'Bad Boys Running Wild',55,33,1,'3:56','01 Bad Boys Running Wild.mp3'),(769,'Rock You Like A Hurricane',55,33,2,'4:12','02 Rock You Like A Hurricane.mp3'),(770,'I\'m Leaving You',55,33,3,'4:18','03 I\'m Leaving You.mp3'),(771,'Coming Home',55,33,4,'4:59','04 Coming Home.mp3'),(772,'The Same Thrill',55,33,5,'3:32','05 The Same Thrill.mp3'),(773,'Big City Nights',55,33,6,'4:09','06 Big City Nights.mp3'),(774,'As Soon As The Good Times Roll',55,33,7,'5:03','07 As Soon As The Good Times Roll.mp3'),(775,'Crossfire',55,33,8,'4:36','08 Crossfire.mp3'),(776,'Still Loving You',55,33,9,'6:27','09 Still Loving You.mp3'),(777,'Countdown',56,33,1,'0:42','01 Countdown.mp3'),(778,'Coming Home',56,33,2,'3:17','02 Coming Home.mp3'),(779,'Blackout',56,33,3,'4:05','03 Blackout.mp3'),(780,'Bad Boys Running Wild',56,33,4,'3:53','04 Bad Boys Running Wild.mp3'),(781,'Loving You Sunday Morning',56,33,5,'4:42','05 Loving You Sunday Morning.mp3'),(782,'Make It Real',56,33,6,'3:54','06 Make It Real.mp3'),(783,'Big City Nights',56,33,7,'4:59','07 Big City Nights.mp3'),(784,'Coast To Coast',56,33,8,'5:14','08 Coast To Coast.mp3'),(785,'Holiday',56,33,9,'3:23','09 Holiday.mp3'),(786,'Still Loving You',56,33,10,'5:49','10 Still Loving You.mp3'),(787,'Rock You Like A Hurricane',56,33,11,'4:15','11 Rock You Like A Hurricane.mp3'),(788,'Can\'t Live Without You',56,33,12,'5:33','12 Can\'t Live Without You.mp3'),(789,'The Zoo',56,33,13,'5:50','13 The Zoo.mp3'),(790,'No One Like You',56,33,14,'4:10','14 No One Like You.mp3'),(791,'Dynamite',56,33,15,'7:27','15 Dynamite.mp3'),(792,'Moon',57,1,1,'5:45','01 Moon.mp3'),(793,'Thunderbolt',57,1,2,'5:14','02 Thunderbolt.mp3'),(794,'Crystalline',57,1,3,'5:07','03 Crystalline.mp3'),(795,'Cosmogony',57,1,4,'5:00','04 Cosmogony.mp3'),(796,'Dark Matter',57,1,5,'3:22','05 Dark Matter.mp3'),(797,'Hollow',57,1,6,'5:49','06 Hollow.mp3'),(798,'Virus',57,1,7,'5:26','07 Virus.mp3'),(799,'Sacrifice',57,1,8,'4:01','08 Sacrifice.mp3'),(800,'Mutual Core',57,1,9,'5:06','09 Mutual Core.mp3'),(801,'Solstice',57,1,10,'4:41','10 Solstice.mp3'),(802,'Hollow Original 7 Minutes',57,1,11,'7:07','11 Hollow [-][Original 7 Minutes Version][Version].mp3'),(803,'Dark Matter With Choir & Organ',57,1,12,'3:24','12 Dark Matter [-][Version][With Choir & Organ].mp3'),(804,'Náttúra',57,1,13,'3:50','13 Náttúra [-].mp3'),(805,'All Is Full of Love',58,1,1,'4:48','01 All Is Full of Love.mp3'),(806,'Hyper-Ballad',58,1,2,'5:23','02 Hyper-Ballad.mp3'),(807,'Human Behaviour',58,1,3,'4:13','03 Human Behaviour.mp3'),(808,'Jóga',58,1,4,'5:05','04 Jóga.mp3'),(809,'Bachelorette',58,1,5,'5:16','05 Bachelorette.mp3'),(810,'Army of Me',58,1,6,'3:56','06 Army of Me.mp3'),(811,'Pagan Poetry',58,1,7,'5:15','07 Pagan Poetry.mp3'),(812,'Big Time Sensuality',58,1,8,'4:56','08 Big Time Sensuality [The Fluke Minimix].mp3'),(813,'Venus as a Boy',58,1,9,'4:41','09 Venus as a Boy.mp3'),(814,'Hunter',58,1,10,'4:15','10 Hunter.mp3'),(815,'Hidden Place',58,1,11,'5:29','11 Hidden Place.mp3'),(816,'Isobel',58,1,12,'5:48','12 Isobel.mp3'),(817,'Possibly Maybe',58,1,13,'5:06','13 Possibly Maybe.mp3'),(818,'Play Dead',58,1,14,'3:56','14 Play Dead [From the Young Americans].mp3'),(819,'It\'s in Our Hands',58,1,15,'4:16','15 It\'s in Our Hands.mp3'),(820,'Pleasure Is All Mine',59,1,1,'3:26','01 Pleasure Is All Mine.mp3'),(821,'Show Me Forgiveness',59,1,2,'1:23','02 Show Me Forgiveness.mp3'),(822,'Where Is the Line',59,1,3,'4:40','03 Where Is the Line.mp3'),(823,'Vökuró',59,1,4,'3:13','04 Vökuró.mp3'),(824,'Öll Birtan',59,1,5,'1:51','05 Öll Birtan.mp3'),(825,'Who Is It',59,1,6,'3:57','06 Who Is It (Carry My Joy on the Left, Carry My Pain on the Right).mp3'),(826,'Submarine',59,1,7,'3:13','07 Submarine.mp3'),(827,'Desired Constellation',59,1,8,'4:55','08 Desired Constellation.mp3'),(828,'Oceania',59,1,9,'3:24','09 Oceania.mp3'),(829,'Sonnets-Unrealities XI',59,1,10,'1:59','10 Sonnets-Unrealities XI.mp3'),(830,'Triumph of a Heart',59,1,11,'4:08','11 Triumph of a Heart.mp3'),(831,'Ancestors',59,1,12,'3:59','12 Ancestors.mp3'),(832,'Mouth\'s Cradle',59,1,13,'1:24','13 Mouth\'s Cradle.mp3'),(833,'Midvikudags',59,1,14,'4:03','14 Midvikudags.mp3'),(834,'Bamboo Banga',60,34,1,'4:58','01 Bamboo Banga.mp3'),(835,'BirdFlu',60,34,2,'3:24','02 BirdFlu.mp3'),(836,'Boyz',60,34,3,'3:27','03 Boyz.mp3'),(837,'Jimmy',60,34,4,'3:29','04 Jimmy.mp3'),(838,'Hussel',60,34,5,'4:25','05 Hussel.mp3'),(839,'Mango Pickle Down',60,34,6,'3:53','06 Mango Pickle Down.mp3'),(840,'20 Dollar',60,34,7,'4:33','07 20 Dollar.mp3'),(841,'World Town',60,34,8,'3:53','08 World Town.mp3'),(842,'The Turn',60,34,9,'3:52','09 The Turn.mp3'),(843,'XR2',60,34,10,'4:20','10 XR2.mp3'),(844,'Paper Planes',60,34,11,'3:25','11 Paper Planes.mp3'),(845,'Come Around',60,34,12,'3:53','12 Come Around.mp3'),(846,'Dracula the Beginning',61,35,1,'6:41','01 Dracula the Beginning.mp3'),(847,'Vampire Hunters',61,35,2,'3:05','02 Vampire Hunters.mp3'),(848,'Mina\'s Photo',61,35,3,'1:24','03 Mina\'s Photo.mp3'),(849,'Lucy\'s Party',61,35,4,'2:56','04 Lucy\'s Party.mp3'),(850,'The Brides',61,35,5,'4:56','05 The Brides.mp3'),(851,'The Storm',61,35,6,'5:04','06 The Storm.mp3'),(852,'Love Remembered',61,35,7,'4:10','07 Love Remembered.mp3'),(853,'The Hunt Builds',61,35,8,'3:25','08 The Hunt Builds.mp3'),(854,'The Hunters Prelude',61,35,9,'1:29','09 The Hunters Prelude.mp3'),(855,'The Green Mist',61,35,10,'0:54','10 The Green Mist.mp3'),(856,'Mina Dracula',61,35,11,'4:47','11 Mina Dracula.mp3'),(857,'The Ring of Fire',61,35,12,'1:51','12 The Ring of Fire.mp3'),(858,'Love Eternal',61,35,13,'2:23','13 Love Eternal.mp3'),(859,'Ascension',61,35,14,'0:50','14 Ascension.mp3'),(860,'End Credits',61,35,15,'6:44','15 End Credits.mp3'),(861,'Love Song For a Vampire',61,35,16,'4:20','16 Love Song For a Vampire.mp3'),(862,'Bang Bang',62,36,1,'2:40','01 Bang Bang.mp3'),(863,'That Certain Female',62,36,2,'3:02','02 That Certain Female.mp3'),(864,'The Grand Duel',62,36,3,'3:24','03 The Grand Duel.mp3'),(865,'Twisted Nerve',62,36,4,'1:27','04 Twisted Nerve.mp3'),(866,'Queen Of The Crime Council',62,36,5,'0:56','05 Queen Of The Crime Council.mp3'),(867,'Ode To Oren Ishii',62,36,6,'2:05','06 Ode To Oren Ishii.mp3'),(868,'Run Fay Run',62,36,7,'2:46','07 Run Fay Run.mp3'),(869,'Green Hornet',62,36,8,'2:18','08 Green Hornet.mp3'),(870,'Battle Without Honor Or Humanity',62,36,9,'2:28','09 Battle Without Honor Or Humanity.mp3'),(871,'Don\'t Let Me Be Misunderstood',62,36,10,'10:29','10 Don\'t Let Me Be Misunderstood.mp3'),(872,'Woo Hoo',62,36,11,'1:59','11 Woo Hoo.mp3'),(873,'Crane White Lightning',62,36,12,'1:37','12 Crane White Lightning.mp3'),(874,'The Flower Of Carnage',62,36,13,'3:52','13 The Flower Of Carnage.mp3'),(875,'The Lonely Shepherd',62,36,14,'4:20','14 The Lonely Shepherd.mp3'),(876,'You\'are My Wicked Life',62,36,15,'1:14','15 You\'are My Wicked Life.mp3'),(877,'Ironside',62,36,16,'0:16','16 Ironside.mp3'),(878,'Super 16',62,36,17,'1:06','17 Super 16.mp3'),(879,'Yakuza Orden 1',62,36,18,'0:22','18 Yakuza Orden 1.mp3'),(880,'Banister Fight',62,36,19,'0:21','19 Banister Fight.mp3'),(881,'Flip Sting',62,36,20,'0:04','20 Flip Sting.mp3'),(882,'Sword Swings',62,36,21,'0:05','21 Sword Swings.mp3'),(883,'Axe Throws',62,36,22,'0:09','22 Axe Throws.mp3'),(884,'Nina\'s Dream',63,37,1,'2:48','01 Nina\'s Dream.mp3'),(885,'Mother Me',63,37,2,'1:06','02 Mother Me.mp3'),(886,'The New Season',63,37,3,'2:38','03 The New Season.mp3'),(887,'A Room Of Her Own',63,37,4,'1:56','04 A Room Of Her Own.mp3'),(888,'A New Swan Queen',63,37,5,'3:28','05 A New Swan Queen.mp3'),(889,'Lose Yourself',63,37,6,'2:08','06 Lose Yourself.mp3'),(890,'Cruel Mistress',63,37,7,'3:29','07 Cruel Mistress.mp3'),(891,'Power, Seduction, Cries',63,37,8,'1:42','08 Power, Seduction, Cries.mp3'),(892,'The Double',63,37,9,'2:20','09 The Double.mp3'),(893,'Opposites Attract',63,37,10,'3:44','10 Opposites Attract.mp3'),(894,'Night Of Terror',63,37,11,'8:01','11 Night Of Terror.mp3'),(895,'Stumbled Beginnings',63,37,12,'3:51','12 Stumbled Beginnings.mp3'),(896,'It\'s My Time',63,37,13,'1:30','13 It\'s My Time.mp3'),(897,'A Swan Is Born',63,37,14,'1:38','14 A Swan Is Born.mp3'),(898,'Perfection',63,37,15,'5:44','15 Perfection.mp3'),(899,'A Swan Song (For Nina)',63,37,16,'6:23','16 A Swan Song (For Nina).mp3'),(900,'Skills in Pills',64,38,1,'4:13','01 Skills in Pills.mp3'),(901,'Ladyboy',64,38,2,'3:20','02 Ladyboy.mp3'),(902,'Fat',64,38,3,'4:12','03 Fat.mp3'),(903,'Fish On',64,38,4,'4:12','04 Fish On.mp3'),(904,'Children of the Sun',64,38,5,'3:40','05 Children of the Sun.mp3'),(905,'Home Sweet Home',64,38,6,'3:45','06 Home Sweet Home.mp3'),(906,'Cowboy',64,38,7,'3:11','07 Cowboy.mp3'),(907,'Golden Shower',64,38,8,'4:24','08 Golden Shower.mp3'),(908,'Yukon',64,38,9,'4:45','09 Yukon.mp3'),(909,'Praise Abort',64,38,10,'4:45','10 Praise Abort.mp3'),(910,'That\'s My Heart',64,38,11,'4:35','11 That\'s My Heart.mp3'),(911,'Steh Auf',65,38,1,'3:04','01 Steh Auf.mp3'),(912,'Ich Weiß Es Nicht',65,38,2,'4:49','02 Ich Weiß Es Nicht.mp3'),(913,'Allesfresser',65,38,3,'3:29','03 Allesfresser.mp3'),(914,'Blut',65,38,4,'4:02','04 Blut.mp3'),(915,'Knebel',65,38,5,'3:50','05 Knebel.mp3'),(916,'Frau & Mann',65,38,6,'3:34','06 Frau & Mann.mp3'),(917,'Ach So Gern',65,38,7,'3:22','07 Ach So Gern.mp3'),(918,'Schlaf Ein',65,38,8,'5:09','08 Schlaf Ein.mp3'),(919,'Gummi',65,38,9,'3:56','09 Gummi.mp3'),(920,'Platz Eins',65,38,10,'3:55','10 Platz Eins.mp3'),(921,'Wer Weiß Das Schon',65,38,11,'3:57','11 Wer Weiß Das Schon.mp3'),(922,'Mathematik',65,38,12,'3:34','12 Mathematik.mp3'),(923,'Ach So Gern [Pain Version]',65,38,13,'3:48','13 Ach So Gern [Pain Version].mp3'),(924,'Uprising',66,39,1,'5:02','01 Uprising.mp3'),(925,'Resistance',66,39,2,'5:46','02 Resistance.mp3'),(926,'Undisclosed Desires',66,39,3,'3:56','03 Undisclosed Desires.mp3'),(927,'United States Of Eurasia',66,39,4,'5:47','04 United States Of Eurasia (+ Colla.mp3'),(928,'Guiding Light',66,39,5,'4:13','05 Guiding Light.mp3'),(929,'Unnatural Selection',66,39,6,'6:55','06 Unnatural Selection.mp3'),(930,'MK Ultra',66,39,7,'4:06','07 MK Ultra.mp3'),(931,'I Belong To You',66,39,8,'5:38','08 I Belong To You.mp3'),(932,'Exogenesis_ Symphony Part 1',66,39,9,'4:18','09 Exogenesis_ Symphony Part 1 (Over.mp3'),(933,'Exogenesis_ Symphony Part 2',66,39,10,'3:56','10 Exogenesis_ Symphony Part 2 (Cros.mp3'),(934,'Exogenesis_ Symphony Part 3',66,39,11,'4:37','11 Exogenesis_ Symphony Part 3 (Rede.mp3'),(935,'Supremacy',67,39,1,'4:55','01 Supremacy.mp3'),(936,'Madness',67,39,2,'4:39','02 Madness.mp3'),(937,'Panic Station',67,39,3,'3:04','03 Panic Station.mp3'),(938,'Prelude',67,39,4,'0:57','04 Prelude.mp3'),(939,'Survival',67,39,5,'4:17','05 Survival.mp3'),(940,'Follow Me',67,39,6,'3:50','06 Follow Me.mp3'),(941,'Animals',67,39,7,'4:22','07 Animals.mp3'),(942,'Explorers',67,39,8,'5:46','08 Explorers.mp3'),(943,'Big Freeze',67,39,9,'4:39','09 Big Freeze.mp3'),(944,'Save Me',67,39,10,'5:08','10 Save Me.mp3'),(945,'Liquid State',67,39,11,'3:03','11 Liquid State.mp3'),(946,'The 2nd Law_ Unsustainable',67,39,12,'3:48','12 The 2nd Law_ Unsustainable.mp3'),(947,'The 2nd Law_ Isolated System',67,39,13,'5:00','13 The 2nd Law_ Isolated System.mp3'),(948,'Sunburn',68,39,1,'3:54','01 Sunburn.mp3'),(949,'Muscle Museum',68,39,2,'4:23','02 Muscle Museum.mp3'),(950,'Fillip',68,39,3,'4:01','03 Fillip.mp3'),(951,'Falling Down',68,39,4,'4:34','04 Falling Down.mp3'),(952,'Cave',68,39,5,'4:46','05 Cave.mp3'),(953,'Showbiz',68,39,6,'5:16','06 Showbiz.mp3'),(954,'Unintended',68,39,7,'3:57','07 Unintended.mp3'),(955,'Uno',68,39,8,'3:38','08 Uno.mp3'),(956,'Sober',68,39,9,'4:03','09 Sober.mp3'),(957,'Spiral Static',68,39,10,'4:44','10 Spiral Static.mp3'),(958,'Escape',68,39,11,'3:31','11 Escape.mp3'),(959,'Overdue',68,39,12,'2:26','12 Overdue.mp3'),(960,'Hate This & I\'ll Love You',68,39,13,'5:10','13 Hate This & I\'ll Love You.mp3'),(961,'New Born',69,39,1,'6:03','01 New Born.mp3'),(962,'Bliss',69,39,2,'4:12','02 Bliss.mp3'),(963,'Space Dementia',69,39,3,'6:20','03 Space Dementia.mp3'),(964,'Hyper Music',69,39,4,'3:20','04 Hyper Music.mp3'),(965,'Plug In Baby',69,39,5,'3:40','05 Plug In Baby.mp3'),(966,'Citizen Erased',69,39,6,'7:19','06 Citizen Erased.mp3'),(967,'Micro Cuts',69,39,7,'3:38','07 Micro Cuts.mp3'),(968,'Screenager',69,39,8,'4:20','08 Screenager.mp3'),(969,'Dark Shines',69,39,9,'4:47','09 Dark Shines.mp3'),(970,'Feeling Good',69,39,10,'3:19','10 Feeling Good.mp3'),(971,'Futurism',69,39,11,'3:27','11 Futurism.mp3'),(972,'Megalomania',69,39,12,'4:38','12 Megalomania.mp3'),(973,'Intro (Live From Wembley Stadium)',70,39,1,'1:46','01 Intro (Live From Wembley Stadium).mp3'),(974,'Knights Of Cydonia (Live From Wem',70,39,2,'6:37','02 Knights Of Cydonia (Live From Wem.mp3'),(975,'Hysteria (Live)',70,39,3,'4:19','03 Hysteria (Live From Wembley Stadi.mp3'),(976,'Supermassive Black Hole (Live)',70,39,4,'4:01','04 Supermassive Black Hole (Live Fro.mp3'),(977,'Map Of The Problematique (Live)',70,39,5,'5:22','05 Map Of The Problematique (Live Fr.mp3'),(978,'Butterflies And Hurricanes (Live)',70,39,6,'5:57','06 Butterflies And Hurricanes (Live.mp3'),(979,'Invincible (Live)',70,39,7,'6:15','07 Invincible (Live From Wembley Sta.mp3'),(980,'Starlight (Live)',70,39,8,'4:14','08 Starlight (Live From Wembley Stad.mp3'),(981,'Time Is Running Out (Live)',70,39,9,'4:23','09 Time Is Running Out (Live From We.mp3'),(982,'New Born (Live)',70,39,10,'8:17','10 New Born (Live From Wembley Stadi.mp3'),(983,'Unintended (Live)',70,39,11,'4:35','11 Unintended (Live From Wembley Sta.mp3'),(984,'Micro Cuts (Live)',70,39,12,'3:47','12 Micro Cuts (Live From Wembley Sta.mp3'),(985,'Stockholm Syndrome (Live)',70,39,13,'7:37','13 Stockholm Syndrome (Live From Wem.mp3'),(986,'Take A Bow (Live)',70,39,14,'4:46','14 [Take A Bow (Live From Wembley St.mp3'),(987,'Take A Bow',71,39,1,'4:35','01 Take A Bow.mp3'),(988,'Starlight',71,39,2,'3:59','02 Starlight.mp3'),(989,'Supermassive Black Hole',71,39,3,'3:29','03 Supermassive Black Hole.mp3'),(990,'Map Of The Problematique',71,39,4,'4:18','04 Map Of The Problematique.mp3'),(991,'Soldier\'s Poem',71,39,5,'2:03','05 Soldier\'s Poem.mp3'),(992,'Invincible',71,39,6,'5:00','06 Invincible.mp3'),(993,'Assassin',71,39,7,'3:31','07 Assassin.mp3'),(994,'Exo-Politics',71,39,8,'3:53','08 Exo-Politics.mp3'),(995,'City Of Delusion',71,39,9,'4:48','09 City Of Delusion.mp3'),(996,'Hoodoo',71,39,10,'3:43','10 Hoodoo.mp3'),(997,'Knights Of Cydonia',71,39,11,'6:06','11 Knights Of Cydonia.mp3'),(998,'Glorious',71,39,12,'4:41','12 Glorious.mp3'),(999,'Intro',72,39,1,'0:22','01 Intro.mp3'),(1000,'Apocalypse Please',72,39,2,'4:12','02 Apocalypse Please.mp3'),(1001,'Time Is Running Out',72,39,3,'3:56','03 Time Is Running Out.mp3'),(1002,'Sing For Absolution',72,39,4,'4:54','04 Sing For Absolution.mp3'),(1003,'Stockholm Syndrome',72,39,5,'4:58','05 Stockholm Syndrome.mp3'),(1004,'Falling Away From You',72,39,6,'4:40','06 Falling Away From You.mp3'),(1005,'Interlude',72,39,7,'0:37','07 Interlude.mp3'),(1006,'Hysteria',72,39,8,'3:47','08 Hysteria.mp3'),(1007,'Blackout',72,39,9,'4:22','09 Blackout.mp3'),(1008,'Butterflies & Hurricanes',72,39,10,'5:01','10 Butterflies & Hurricanes.mp3'),(1009,'The Small Print',72,39,11,'3:29','11 The Small Print.mp3'),(1010,'Fury',72,39,12,'5:02','12 Fury.mp3'),(1011,'Endlessly',72,39,13,'3:48','13 Endlessly.mp3'),(1012,'Thoughts Of A Dying Atheist',72,39,14,'3:11','14 Thoughts Of A Dying Atheist.mp3'),(1013,'Ruled By Secrecy',72,39,15,'4:52','15 Ruled By Secrecy.mp3'),(1014,'The Girl Who Fell From The Sky ',73,31,1,'2:27','Laputa - 01 - The Girl Who Fell From The Sky.mp3'),(1015,'A Morning Of The Slag Ravine ',73,31,2,'3:04','Laputa - 02 - A Morning Of The Slag Ravine .mp3'),(1016,'A Fun Brawl',73,31,3,'4:27','Laputa - 03 - A Fun Brawl.mp3'),(1017,'Memories Of Gondoa',73,31,4,'2:46','Laputa - 04 - Memories Of Gondoa.mp3'),(1018,'Discouraged Pazu',73,31,5,'1:46','Laputa - 05 - Discouraged Pazu.mp3'),(1019,'Robot Soldier',73,31,6,'2:34','Laputa - 06 - Robot Soldier (Resurrection ~ Rescue).mp3'),(1020,'Carrying You Chorus Version',73,31,7,'2:02','Laputa - 07 - Carrying You Chorus Version.mp3'),(1021,'Sheeta\'s Decision',73,31,8,'2:05','Laputa - 08 - Sheeta\'s Decision.mp3'),(1022,'On The Tiger Moss',73,31,9,'2:32','Laputa - 09 - On The Tiger Moss.mp3'),(1023,'An Omen To Ruin',73,31,10,'2:18','Laputa - 10 - An Omen To Ruin.mp3'),(1024,'The Sea Of Cloud Under The Moonlight ',73,31,11,'2:33','Laputa - 11 - The Sea Of Cloud Under The Moonlight .mp3'),(1025,'Castle In The Sky',73,31,12,'4:36','Laputa - 12 - Castle In The Sky.mp3'),(1026,'The Collapse Of Laputa',73,31,13,'2:00','Laputa - 13 - The Collapse Of Laputa.mp3'),(1027,'Carrying You',73,31,14,'4:07','Laputa - 14 - Carrying You.mp3'),(1028,'Sanpo',74,31,1,'2:42','01 Sanpo.mp3'),(1029,'Gogatsu no mura',74,31,2,'1:38','02 Gogatsu no mura.mp3'),(1030,'Obake-yashiki!',74,31,3,'1:22','03 Obake-yashiki!.mp3'),(1031,'Mei to susuwatari',74,31,4,'1:35','04 Mei to susuwatari.mp3'),(1032,'Yuugure no kaze',74,31,5,'1:01','05 Yuugure no kaze.mp3'),(1033,'Kowakunai',74,31,6,'0:43','06 Kowakunai.mp3'),(1034,'Omimai ni ikou',74,31,7,'1:22','07 Omimai ni ikou.mp3'),(1035,'Okaa-san',74,31,8,'1:06','08 Okaa-san.mp3'),(1036,'Chiisana obake',74,31,9,'3:54','09 Chiisana obake.mp3'),(1037,'Totoro',74,31,10,'2:49','10 Totoro.mp3'),(1038,'Tsukamori no taiju',74,31,11,'2:15','11Tsukamori no taiju.mp3'),(1039,'Maigo',74,31,12,'3:48','12 Maigo.mp3'),(1040,'Kaze no toorimichi',74,31,13,'3:16','13 Kaze no toorimichi.mp3'),(1041,'Zubunure obake',74,31,14,'2:33','14 Zubunure obake.mp3'),(1042,'Tsukiyo no hikou',74,31,15,'2:05','15 Tsukiyo no hikou.mp3'),(1043,'Mei ga inai',74,31,16,'2:32','16 Mei ga inai.mp3'),(1044,'Neko-basu',74,31,17,'2:11','17 Neko-basu.mp3'),(1045,'Yokatta ne',74,31,18,'1:15','18 Yokatta ne.mp3'),(1046,'Tonari no Totoro',74,31,19,'4:17','19 Tonari no Totoro.mp3'),(1047,'Sanpo(END)',74,31,20,'2:43','20 Sanpo.mp3'),(1048,'Live Performance',75,31,1,'4:16','Joe Hisaishi Live Performance - Ashitaka sekki from Mononoke-[www_flvto_com] (1).mp3'),(1049,'The Legend of Ashitaka',75,31,1,'1:39','Princess Mononoke OST - 01 - The Legend of Ashitaka.mp3'),(1050,'The Demon God',75,31,3,'3:51','Princess Mononoke OST - 02 - The Demon God.mp3'),(1051,'The Journey to the West',75,31,4,'2:34','Princess Mononoke OST - 03 - The Journey to the West.mp3'),(1052,'The Demon Power',75,31,5,'0:36','Princess Mononoke OST - 04 - The Demon Power.mp3'),(1053,'The Land of the Impure',75,31,6,'2:59','Princess Mononoke OST - 05 - The Land of the Impure.mp3'),(1054,'The Encounter',75,31,7,'0:49','Princess Mononoke OST - 06 - The Encounter.mp3'),(1055,'Kodomas',75,31,7,'2:26','Princess Mononoke OST - 07 - Kodomas.mp3'),(1056,'The Forest of the Gods',75,31,9,'0:39','Princess Mononoke OST - 08 - The Forest of the Gods.mp3'),(1057,'Evening at the Ironworks',75,31,10,'0:41','Princess Mononoke OST - 09 - Evening at the Ironworks.mp3'),(1058,'The Demon God II',75,31,11,'0:58','Princess Mononoke OST - 10 - The Demon God II.mp3'),(1059,'Lady Eboshi',75,31,12,'2:48','Princess Mononoke OST - 11 - Lady Eboshi.mp3'),(1060,'The Tatara Women Work Song',75,31,13,'1:31','Princess Mononoke OST - 12 - The Tatara Women Work Song.mp3'),(1061,'The Furies',75,31,14,'1:28','Princess Mononoke OST - 13 - The Furies.mp3'),(1062,'The Young Man from the East',75,31,15,'1:26','Princess Mononoke OST - 14 - The Young Man from the East.mp3'),(1063,'Requiem',75,31,16,'2:23','Princess Mononoke OST - 15 - Requiem.mp3'),(1064,'Will to Live',75,31,17,'0:33','Princess Mononoke OST - 16 - Will to Live.mp3'),(1065,'San and Ashitaka in the Forest',75,31,18,'1:39','Princess Mononoke OST - 17 - San and Ashitaka.mp3'),(1066,'Princess Mononoke Theme Song',75,31,19,'2:08','Princess Mononoke OST - 18 - Princess Mononoke Theme Song.mp3'),(1067,'Requiem II',75,31,20,'2:16','Princess Mononoke OST - 19 - Requiem II.mp3'),(1068,'Princess Mononoke Theme Song 2',75,31,21,'3:32','Princess Mononoke OST - 20 - Princess Mononoke Theme Song.mp3'),(1069,'The Battle Drums',75,31,22,'2:48','Princess Mononoke OST - 21 - The Battle Drums.mp3'),(1070,'The Battle in Front of the Ironworks',75,31,23,'1:27','Princess Mononoke OST - 22 - The Battle in Front of the Ironworks.mp3'),(1071,'The Demon Power II',75,31,24,'2:31','Princess Mononoke OST - 23 - The Demon Power II.mp3'),(1072,'Requiem III',75,31,25,'0:55','Princess Mononoke OST - 24 - Requiem III.mp3'),(1073,'The Retreat',75,31,26,'1:32','Princess Mononoke OST - 25 - The Retreat.mp3'),(1074,'The Demon God III',75,31,27,'1:11','Princess Mononoke OST - 26 - The Demon God III.mp3'),(1075,'Adagio of Life and Dead',75,31,28,'2:08','Princess Mononoke OST - 27 - Adagio of Life and Dead.mp3'),(1076,'The World of the Dead',75,31,29,'1:27','Princess Mononoke OST - 28 - The World of the Dead.mp3'),(1077,'The World of the Dead II',75,31,30,'1:32','Princess Mononoke OST - 29 - The World of the Dead II.mp3'),(1078,'Adaigo of Life and Dead II',75,31,31,'1:07','Princess Mononoke OST - 30 - Adaigo of Life and Dead II.mp3'),(1079,'Ashitaka and San',75,31,32,'3:14','Princess Mononoke OST - 31 - Ashitaka and San.mp3'),(1080,'Princess Mononoke Theme Song 3',75,31,33,'1:22','Princess Mononoke OST - 32 - Princess Mononoke Theme Song.mp3'),(1081,'The Legend of Ashitaka Theme',75,31,34,'5:02','Princess Mononoke OST - 33 - The Legend of Ashitaka Theme.mp3'),(1082,'Deutschland',76,40,1,'5:23','01 Deutschland.m4a'),(1083,'Radio',76,40,2,'4:37','02 Radio.m4a'),(1084,'Zeig Dich',76,40,3,'4:15','03 Zeig Dich.m4a'),(1085,'Ausländer',76,40,4,'3:51','04 Ausländer.m4a'),(1086,'Sex',76,40,5,'3:56','05 Sex.m4a'),(1087,'Puppe',76,40,6,'4:33','06 Puppe.m4a'),(1088,'Was Ich Liebe',76,40,7,'4:29','07 Was Ich Liebe.m4a'),(1089,'Diamant',76,40,8,'2:34','08 Diamant.m4a'),(1090,'Weit Weg',76,40,9,'4:20','09 Weit Weg.m4a'),(1091,'Tattoo',76,40,10,'4:11','10 Tattoo.m4a'),(1092,'Hallomann',76,40,11,'4:11','11 Hallomann.m4a'),(1093,'Intro',77,40,1,'4:14','1-01 Intro.m4a'),(1094,'Sonne',77,40,2,'4:45','1-02 Sonne.m4a'),(1095,'Wollt Ihr Das Bett In Flammen S',77,40,3,'5:06','1-03 Wollt Ihr Das Bett In Flammen S.m4a'),(1096,'Keine Lust',77,40,4,'4:08','1-04 Keine Lust.m4a'),(1097,'Sehnsuct',77,40,5,'4:26','1-05 Sehnsuct.m4a'),(1098,'Asche Zu Asche',77,40,6,'4:05','1-06 Asche Zu Asche.m4a'),(1099,'Feuer Frei!',77,40,7,'3:34','1-07 Feuer Frei!.m4a'),(1100,'Mutter',77,40,8,'5:20','1-08 Mutter.m4a'),(1101,'Mein Teil',77,40,9,'7:46','1-09 Mein Teil.m4a'),(1102,'Du Richst So Gut',77,40,10,'5:28','1-10 Du Richst So Gut.m4a'),(1103,'Links 2-3-4',77,40,11,'5:02','1-11 Links 2-3-4.m4a'),(1104,'Du Hast',77,40,12,'4:17','1-12 Du Hast.m4a'),(1105,'Haifisch',77,40,13,'5:24','1-13 Haifisch.m4a'),(1106,'Bück Dich',78,40,1,'7:55','2-01 Bück Dich.m4a'),(1107,'Mann Gegen Mann',78,40,2,'4:15','2-02 Mann Gegen Mann.m4a'),(1108,'Ohne Dich',78,40,3,'7:29','2-03 Ohne Dich.m4a'),(1109,'Mein Herz Brennt',78,40,4,'5:08','2-04 Mein Herz Brennt.m4a'),(1110,'Amerika',78,40,5,'4:52','2-05 Amerika.m4a'),(1111,'Ich Will',78,40,6,'4:07','2-06 Ich Will.m4a'),(1112,'Engel',78,40,7,'5:13','2-07 Engel.m4a'),(1113,'Pussy',78,40,8,'8:21','2-08 Pussy.m4a'),(1114,'Frühling In Paris',78,40,9,'6:16','2-09 Frühling In Paris.m4a'),(1115,'Rammlied',79,40,1,'5:18','01 Rammlied.m4a'),(1116,'Ich Tu Dir Weh',79,40,2,'5:01','02 Ich Tu Dir Weh.m4a'),(1117,'Waidmanns Heil',79,40,3,'3:32','03 Waidmanns Heil.m4a'),(1118,'Haifisch',79,40,4,'3:44','04 Haifisch.m4a'),(1119,'Bückstabü',79,40,5,'4:14','05 Bückstabü.m4a'),(1120,'Frühling In Paris',79,40,6,'4:44','06 Frühling In Paris.m4a'),(1121,'Wiener Blut',79,40,7,'3:52','07 Wiener Blut.m4a'),(1122,'Pussy',79,40,8,'3:59','08 Pussy.m4a'),(1123,'Liebe Ist Für Alle Da',79,40,9,'3:28','09 Liebe Ist Für Alle Da.m4a'),(1124,'Mehr',79,40,10,'4:10','10 Mehr.m4a'),(1125,'Roter Sand',79,40,11,'3:59','11 Roter Sand.m4a'),(1126,'Führe Mich',80,40,1,'4:33','2-01 Führe Mich.m4a'),(1127,'Donaukinder',80,40,2,'5:18','2-02 Donaukinder.m4a'),(1128,'Halt',80,40,3,'4:20','2-03 Halt.m4a'),(1129,'Roter Sand [Orchester Version]',80,40,4,'4:07','2-04 Roter Sand [Orchester Version].m4a'),(1130,'Liese',80,40,5,'3:55','2-05 Liese.m4a'),(1131,'Benzin',81,40,1,'3:46','01 Benzin.m4a'),(1132,'Mann Gegen Mann',81,40,2,'3:50','02 Mann Gegen Mann.m4a'),(1133,'Rosenrot',81,40,3,'3:54','03 Rosenrot.m4a'),(1134,'Spring',81,40,4,'5:24','04 Spring.m4a'),(1135,'Wo Bist Du',81,40,5,'3:55','05 Wo Bist Du.m4a'),(1136,'Stirb Nicht Vor Mir_ Don\'t Die Be',81,40,6,'4:05','06 Stirb Nicht Vor Mir_ Don\'t Die Be.m4a'),(1137,'Zerstoren',81,40,7,'5:29','07 Zerstoren.m4a'),(1138,'Hilf Mir',81,40,8,'4:43','08 Hilf Mir.m4a'),(1139,'Te Quiero Puta!',81,40,9,'3:55','09 Te Quiero Puta!.m4a'),(1140,'Feuer Und Wasser',81,40,10,'5:17','10 Feuer Und Wasser.m4a'),(1141,'Ein Lied',81,40,11,'3:43','11 Ein Lied.m4a'),(1142,'Reise, Reise',82,40,1,'4:11','01 Reise, Reise.m4a'),(1143,'Mein Teil',82,40,2,'4:32','02 Mein Teil.m4a'),(1144,'Dalai Lama',82,40,3,'5:38','03 Dalai Lama.m4a'),(1145,'Keine Lust',82,40,4,'3:42','04 Keine Lust.m4a'),(1146,'Los',82,40,5,'4:25','05 Los.m4a'),(1147,'Amerika',82,40,6,'3:46','06 Amerika.m4a'),(1148,'Moskau',82,40,7,'4:16','07 Moskau.m4a'),(1149,'Morgenstern',82,40,8,'3:59','08 Morgenstern.m4a'),(1150,'Stein Um Stein',82,40,9,'3:56','09 Stein Um Stein.m4a'),(1151,'Ohne Dich',82,40,10,'4:32','10 Ohne Dich.m4a'),(1152,'Amour',82,40,11,'4:54','11 Amour.m4a'),(1153,'Mein Teil (Your are What You Eat)',82,40,12,'4:06','12 Mein Teil (Your are What You Eat.m4a'),(1154,'Amerika (Digital)',82,40,13,'3:49','13 Amerika (Digital Hardcore Mix by.m4a'),(1155,'Intro',83,40,1,'2:03','1-01 Intro.m4a'),(1156,'Reise, Reise',83,40,2,'5:31','1-02 Reise, Reise.m4a'),(1157,'Links 2 3 4',83,40,3,'4:50','1-03 Links 2 3 4.m4a'),(1158,'Keine Lust',83,40,4,'3:52','1-04 Keine Lust.m4a'),(1159,'Feuer Frei!',83,40,5,'3:31','1-05 Feuer Frei!.m4a'),(1160,'Asche Zu Asche',83,40,6,'4:05','1-06 Asche Zu Asche.m4a'),(1161,'Morgenstern',83,40,7,'4:53','1-07 Morgenstern.m4a'),(1162,'Mein Teil',83,40,8,'6:37','1-08 Mein Teil.m4a'),(1163,'Stein um Stein',83,40,9,'5:26','1-09 Stein um Stein.m4a'),(1164,'Los',83,40,10,'7:07','1-10 Los.m4a'),(1165,'Du Riechst So Gut',84,40,1,'5:50','2-01 Du Riechst So Gut.m4a'),(1166,'Benzin',84,40,2,'4:05','2-02 Benzin.m4a'),(1167,'Du Hast',84,40,3,'4:20','2-03 Du Hast.m4a'),(1168,'Sehnsucht',84,40,4,'4:22','2-04 Sehnsucht.m4a'),(1169,'Amerika',84,40,5,'6:19','2-05 Amerika.m4a'),(1170,'Rammstein',84,40,6,'5:12','2-06 Rammstein.m4a'),(1171,'Sonne',84,40,7,'4:51','2-07 Sonne.m4a'),(1172,'Ich Will',84,40,8,'4:20','2-08 Ich Will.m4a'),(1173,'Ohne Dich',84,40,9,'5:08','2-09 Ohne Dich.m4a'),(1174,'Stripped',84,40,10,'8:15','2-10 Stripped.m4a'),(1175,'Outro',84,40,11,'4:32','2-11 Outro.m4a'),(1176,'Sehnsucht',85,40,1,'4:04','01 Sehnsucht.m4a'),(1177,'Engel',85,40,2,'4:24','02 Engel.m4a'),(1178,'Tier',85,40,3,'3:47','03 Tier.m4a'),(1179,'Bestrafe Mich',85,40,4,'3:38','04 Bestrafe Mich.m4a'),(1180,'Du Hast',85,40,5,'3:55','05 Du Hast.m4a'),(1181,'Buck Dich',85,40,6,'3:22','06 Buck Dich.m4a'),(1182,'Spiel Mit Mir',85,40,7,'4:46','07 Spiel Mit Mir.m4a'),(1183,'Klavier',85,40,8,'4:24','08 Klavier.m4a'),(1184,'Alter Mann',85,40,9,'4:24','09 Alter Mann.m4a'),(1185,'Eifersucht',85,40,10,'3:37','10 Eifersucht.m4a'),(1186,'Kuss Mich (Fellfrosch)',85,40,11,'3:32','11 Kuss Mich (Fellfrosch).m4a'),(1187,'Rammstein',85,40,12,'3:43','12 Rammstein.m4a'),(1188,'Du Riechst So Gut - 98',85,40,13,'4:25','13 Du Riechst So Gut - 98.m4a'),(1189,'Du Hast (remix)',85,40,14,'5:24','14 Du Hast (remix).m4a'),(1190,'Asche Zu Asche',86,40,1,'3:53','2-01 Asche Zu Asche.m4a'),(1191,'Spiel Mit Mir [Live]',86,40,2,'5:19','2-02 Spiel Mit Mir [Live].m4a'),(1192,'Laichzeit [Live]',86,40,3,'5:14','2-03 Laichzeit [Live].m4a'),(1193,'Woltt Ihr Das Bett In Flammen S',86,40,4,'5:53','2-04 Woltt Ihr Das Bett In Flammen S.m4a'),(1194,'Engel [Live]',86,40,5,'5:58','2-05 Engel [Live].m4a'),(1195,'Asche Zu Asche [Live]',86,40,6,'3:30','2-06 Asche Zu Asche [Live].m4a'),(1196,'Mein Herz Brennt',87,40,1,'4:39','1-01 Mein Herz Brennt.m4a'),(1197,'Links 2 3 4',87,40,2,'3:36','1-02 Links 2 3 4.m4a'),(1198,'Sonne',87,40,3,'4:33','1-03 Sonne.m4a'),(1199,'Ich Will',87,40,4,'3:37','1-04 Ich Will.m4a'),(1200,'Feuer Frei!',87,40,5,'3:11','1-05 Feuer Frei!.m4a'),(1201,'Mutter',87,40,6,'4:32','1-06 Mutter.m4a'),(1202,'Spieluhr',87,40,7,'4:46','1-07 Spieluhr.m4a'),(1203,'Zwitter',87,40,8,'4:17','1-08 Zwitter.m4a'),(1204,'Rein Raus',87,40,9,'3:10','1-09 Rein Raus.m4a'),(1205,'Adios',87,40,10,'3:50','1-10 Adios.m4a'),(1206,'Nebel',87,40,11,'4:54','1-11 Nebel.m4a'),(1207,'Ich Will [Live]',87,40,12,'3:57','2-01 Ich Will [Live].m4a'),(1208,'Links 2 3 4 [Live]',87,40,13,'4:54','2-02 Links 2 3 4 [Live].m4a'),(1209,'Sonne [Live]',87,40,14,'4:42','2-03 Sonne [Live].m4a'),(1210,'Spieluhr [Live]',87,40,15,'5:27','2-04 Spieluhr [Live].m4a'),(1211,'Wollt Ihr Das Bett In Flammen Seh',88,40,1,'5:18','01 Wollt Ihr Das Bett In Flammen Seh.m4a'),(1212,'Der Meister',88,40,2,'4:10','02 Der Meister.m4a'),(1213,'Weißes Fleisch',88,40,3,'3:35','03 Weißes Fleisch.m4a'),(1214,'Asche Zu Asche',88,40,4,'3:51','04 Asche Zu Asche.m4a'),(1215,'Seemann',88,40,5,'4:48','05 Seemann.m4a'),(1216,'Du Riechst So Gut',88,40,6,'4:49','06 Du Riechst So Gut.m4a'),(1217,'Das Alte Leid',88,40,7,'5:44','07 Das Alte Leid.m4a'),(1218,'Heirate Mich',88,40,8,'4:44','08 Heirate Mich.m4a'),(1219,'Herzeleid',88,40,9,'3:43','09 Herzeleid.m4a'),(1220,'Laichzeit',88,40,10,'4:22','10 Laichzeit.m4a'),(1221,'Rammstein',88,40,11,'4:27','11 Rammstein.m4a'),(1222,'Spiel Mit Mir [Live]',89,40,1,'6:09','1-01 Spiel Mit Mir [Live].m4a'),(1223,'Herzeleid [Live]',89,40,2,'3:57','1-02 Herzeleid [Live].m4a'),(1224,'Bestrafe Mich [Live]',89,40,3,'3:48','1-03 Bestrafe Mich [Live].m4a'),(1225,'Weisses Fleisch [Live]',89,40,4,'4:36','1-04 Weisses Fleisch [Live].m4a'),(1226,'Sehnsucht [Live]',89,40,5,'4:25','1-05 Sehnsucht [Live].m4a'),(1227,'Asche Zu Asche [Live]',89,40,6,'3:24','1-06 Asche Zu Asche [Live].m4a'),(1228,'Wilder Wein [Live]',89,40,7,'5:57','1-07 Wilder Wein [Live].m4a'),(1229,'Klavier [Live]',89,40,8,'4:50','1-08 Klavier [Live].m4a'),(1230,'Heirate Mich [Live]',89,40,9,'7:47','1-09 Heirate Mich [Live].m4a'),(1231,'Du Riechst So Gut [Live]',89,40,10,'5:25','1-10 Du Riechst So Gut [Live].m4a'),(1232,'Du Hast [Live]',89,40,11,'4:27','1-11 Du Hast [Live].m4a'),(1233,'Bück Dich [Live]',89,40,12,'6:00','1-12 Bück Dich [Live].m4a'),(1234,'Engel (Live)',90,40,1,'6:43','2-01 Engel (Live).m4a'),(1235,'Rammstein (Live)',90,40,2,'5:42','2-02 Rammstein (Live).m4a'),(1236,'Tier [Live]',90,40,3,'3:42','2-03 Tier [Live].m4a'),(1237,'Laichzeit (Live)',90,40,4,'5:13','2-04 Laichzeit (Live).m4a'),(1238,'Wollt Ihr Das Bett In Flammen S',90,40,5,'6:15','2-05 Wollt Ihr Das Bett In Flammen S.m4a'),(1239,'Seeman (Live)',90,40,6,'9:56','2-06 Seeman (Live).m4a'),(1240,'Rammstein',91,40,1,'3:18','01 Rammstein.m4a'),(1241,'Weisses Fleisch',91,40,2,'3:19','02 Weisses Fleisch.m4a'),(1242,'Das Alte Leid (Hallo Hallo)',91,40,3,'4:45','03 Das Alte Leid (Hallo Hallo).m4a'),(1243,'Du Riechst So Gut',91,40,4,'5:17','04 Du Riechst So Gut.m4a'),(1244,'Wilder Wein',91,40,5,'5:03','05 Wilder Wein.m4a'),(1245,'Seemann',91,40,6,'5:47','06 Seemann.m4a'),(1246,'Schwarzes Glas',91,40,7,'4:01','07 Schwarzes Glas.m4a'),(1247,'Feuerräder',91,40,8,'4:47','08 Feuerräder.m4a'),(1248,'Meister',91,40,9,'5:14','09 Meister.m4a'),(1249,'Hallo Hallo V.2',91,40,10,'5:41','10 Hallo Hallo V.2.m4a'),(1250,'Rammstein In The House',91,40,11,'6:25','11 Rammstein In The House.m4a'),(1251,'Du Riechst So Gut (Remix)',91,40,12,'4:46','12 Du Riechst So Gut (Remix).m4a'),(1252,'Schwares Glas (Promo Mix)',91,40,13,'4:36','13 Schwares Glas (Promo Mix).m4a'),(1253,'Wollt Ihr Das Bett In Flamen Sehe',91,40,14,'7:20','14 Wollt Ihr Das Bett In Flamen Sehe.m4a'),(1254,'Rammstein (Eskimos & Egip Remix)',91,40,15,'6:34','15 Rammstein (Eskimos & Egip Remix).m4a'),(1255,'Ausländer (Album Version)',92,40,1,'3:50','01 Ausländer (Album Version).m4a'),(1256,'Radio (Album Version)',92,40,2,'4:38','02 Radio (Album Version).m4a'),(1257,'Ausländer (Rmx By R3hab)',92,40,3,'3:49','03 Ausländer (Rmx By R3hab).m4a'),(1258,'Ausländer (Rmx By Felix Jaehn)',92,40,4,'3:28','04 Ausländer (Rmx By Felix Jaehn).m4a'),(1259,'Radio (Rmx By Twocolors)',92,40,5,'5:00','05 Radio (Rmx By Twocolors).m4a'),(1260,'Frühling In Paris',93,40,1,'4:09','01 Frühling In Paris.mp3'),(1261,'Feuer Und Wasser',93,40,2,'3:53','02 Feuer Und Wasser.mp3'),(1262,'Nebel',93,40,3,'4:34','03 Nebel.mp3'),(1263,'Sonne',93,40,4,'3:53','04 Sonne.mp3'),(1264,'Klavier',93,40,5,'4:03','05 Klavier.mp3'),(1265,'Wilder Wein',93,40,6,'3:31','06 Wilder Wein.mp3'),(1266,'Ohne Dich',93,40,7,'4:31','07 Ohne Dich.mp3'),(1267,'Ein Lied',93,40,8,'3:41','08 Ein Lied.mp3'),(1268,'Roter Sand',93,40,9,'3:16','09 Roter Sand.mp3'),(1269,'Engel',93,40,10,'4:16','10 Engel.mp3'),(1270,'Seemann',93,40,11,'4:35','11 Seemann.mp3'),(1271,'Donaukinder',93,40,12,'3:54','12 Donaukinder.mp3'),(1272,'Mein Herz Brennt',93,40,13,'4:32','13 Mein Herz Brennt.mp3'),(1273,'Death Note',94,41,1,'3:23','01 - Death Note.mp3'),(1274,'Incident',94,41,2,'3:03','02 - Incident.mp3'),(1275,'Light\'s Theme',94,41,3,'3:37','03 - Light\'s Theme.mp3'),(1276,'L\'s Theme',94,41,4,'3:17','04 - L\'s Theme.mp3'),(1277,'Tension',94,41,5,'4:06','05 - Tension.mp3'),(1278,'Shudder',94,41,6,'3:17','06 - Shudder.mp3'),(1279,'Loneliness',94,41,7,'3:31','07 - Loneliness.mp3'),(1280,'Sympathy',94,41,8,'3:48','08 - Sympathy.mp3'),(1281,'Hope',94,41,9,'3:13','09 - Hope.mp3'),(1282,'The Kira Special Investigation Unit',94,41,10,'2:21','10 - The Kira Special Investigation Unit.mp3'),(1283,'L\'s Theme B',94,41,11,'3:07','11 - L\'s Theme B.mp3'),(1284,'Hesitation',94,41,12,'3:46','12 - Hesitation.mp3'),(1285,'Pursuit',94,41,13,'3:09','13 - Pursuit.mp3'),(1286,'L\'s Colleagues',94,41,14,'2:42','14 - L\'s Colleagues.mp3'),(1287,'Special Investigation',94,41,15,'3:19','15 - Special Investigation.mp3'),(1288,'Death God World',94,41,16,'3:39','16 - Death God World.mp3'),(1289,'Boredom',94,41,17,'2:20','17 - Boredom.mp3'),(1290,'Rem',94,41,18,'2:20','18 - Rem.mp3'),(1291,'Death Note Theme',94,41,19,'2:37','19 - Death Note Theme.mp3'),(1292,'Kyrie',94,41,20,'1:36','20 - Kyrie.mp3'),(1293,'Domine Kira',94,41,21,'2:28','21 - Domine Kira.mp3'),(1294,'Teleology of Death',94,41,22,'1:17','22 - Teleology of Death.mp3'),(1295,'Low of Solipsism',94,41,23,'2:37','23 - Low of Solipsism.mp3'),(1296,'Requiem',94,41,24,'1:33','24 - Requiem.mp3'),(1297,'Immanence',94,41,25,'1:27','25 - Immanence.mp3'),(1298,'Dirge',94,41,26,'1:40','26 - Dirge.mp3'),(1299,'Light Lights up Light',94,41,27,'2:14','27 - Light Lights up Light.mp3'),(1300,'Alert',94,41,28,'1:03','28 - Alert.mp3'),(1301,'The WORLD TV Size',94,41,29,'1:36','29 The WORLD TV Size.mp3'),(1302,'Alumina TV Size',94,41,30,'1:27','30 - Alumina ~TV Size~.mp3'),(1303,'Kyrie II',95,41,1,'2:31','01 - Kyrie II.mp3'),(1304,'Semblance of Dualism',95,41,2,'1:45','02 - Semblance of Dualism.mp3'),(1305,'Low of Solipsism II',95,41,3,'1:52','03 - Low of Solipsism II.mp3'),(1306,'Death Note Theme ~instrumental~',95,41,4,'0:55','04 - Death Note Theme ~instrumental~.mp3'),(1307,'Tactics of the Absolute',95,41,5,'1:00','05 - Tactics of the Absolute.mp3'),(1308,'Kyrie for orchestra',95,41,6,'1:29','06 - Kyrie for orchestra.mp3'),(1309,'Air',95,41,7,'2:09','07 - Air.mp3'),(1310,'Light Lights up Light for piano',95,41,8,'2:14','08 - Light Lights up Light for piano.mp3'),(1311,'Dark Light',95,41,9,'2:08','09 - Dark Light.mp3'),(1312,'L\'s Wall',95,41,10,'2:29','10 - L\'s Wall.mp3'),(1313,'Beat',95,41,11,'3:25','11 - Beat.mp3'),(1314,'Anxiety',95,41,12,'3:08','12 - Anxiety.mp3'),(1315,'Suspense',95,41,13,'3:19','13 - Suspense.mp3'),(1316,'Higuchi',95,41,14,'3:02','14 - Higuchi.mp3'),(1317,'Shudder B',95,41,15,'3:12','15 - Shudder B.mp3'),(1318,'Yotsuba Conference Room for Murders',95,41,16,'3:30','16 - Yotsuba Conference Room for Murders.mp3'),(1319,'Anger',95,41,17,'3:26','17 - Anger.mp3'),(1320,'Death God World B',95,41,18,'2:42','18 - Death God World B.mp3'),(1321,'L\'s Colleagues',95,41,19,'2:15','19 - L\'s Colleagues.mp3'),(1322,'Misa\'s Theme A',95,41,20,'2:43','20 - Misa\'s Theme A.mp3'),(1323,'Misa\'s Theme B',95,41,21,'2:43','21 - Misa\'s Theme B.mp3'),(1324,'Intro',95,41,22,'2:32','22 - Intro.mp3'),(1325,'Sakura TV',95,41,23,'1:48','23 - Sakura TV.mp3'),(1326,'Reasoning',95,41,24,'3:44','24 - Reasoning.mp3'),(1327,'Suspicious',95,41,25,'3:39','25 - Suspicious.mp3'),(1328,'Yotsuba Group',95,41,26,'2:59','26 - Yotsuba Group.mp3'),(1329,'Secret',95,41,27,'3:33','27 - Secret.mp3'),(1330,'The Sound of Clock\'s Hands',95,41,28,'3:09','28 - The Sound of Clock\'s Hands.mp3'),(1331,'What\'s up, people! ~TV Size~',95,41,29,'1:34','29 - What\'s up, people! ~TV Size~.mp3'),(1332,'Zetsubou Billy ~TV Size~',95,41,30,'1:25','30 - Zetsubou Billy ~TV Size~.mp3'),(1333,'Death Image',96,41,1,'2:48','01 - Death Image.mp3'),(1334,'L',96,41,2,'2:08','02 - L.mp3'),(1335,'L\'s Past',96,41,3,'2:13','03 - L\'s Past.mp3'),(1336,'Near\'s Theme',96,41,4,'3:13','04 - Near\'s Theme.mp3'),(1337,'Mello',96,41,5,'2:05','05 - Mello.mp3'),(1338,'Mello 2',96,41,6,'3:39','06 - Mello 2.mp3'),(1339,'Action',96,41,7,'3:30','07 - Action.mp3'),(1340,'L\'s Idea',96,41,8,'2:47','08 - L\'s Idea.mp3'),(1341,'Mello\'s Theme',96,41,9,'3:59','09 - Mello\'s Theme.mp3'),(1342,'Confrontation',96,41,10,'2:29','10 - Confrontation.mp3'),(1343,'Near',96,41,11,'2:11','11 - Near.mp3'),(1344,'Misa',96,41,12,'2:32','12 - Misa.mp3'),(1345,'Misa\'s Video',96,41,13,'2:11','13 - Misa\'s Video.mp3'),(1346,'Misa\'s Loneliness',96,41,14,'2:33','14 - Misa\'s Loneliness.mp3'),(1347,'Light Returned',96,41,15,'3:20','15 - Light Returned.mp3'),(1348,'Suspicion',96,41,16,'2:33','16 - Suspicion.mp3'),(1349,'Trick',96,41,17,'2:20','17 - Trick.mp3'),(1350,'Near 2',96,41,18,'1:58','18 - Near 2.mp3'),(1351,'Light\'s Performance',96,41,19,'2:32','19 - Light\'s Performance.mp3'),(1352,'Misa\'s Feelings',96,41,20,'2:32','20 - Misa\'s Feelings.mp3'),(1353,'The Death of a Father',96,41,21,'2:46','21 - The Death of a Father.mp3'),(1354,'Misa no Uta (orchestra version)',96,41,22,'2:08','22 - Misa no Uta (orchestra version).mp3'),(1355,'Mikami Concertino',96,41,23,'2:26','23 - Mikami Concertino.mp3'),(1356,'Trifling Stuff',96,41,24,'1:30','24 - Trifling Stuff.mp3'),(1357,'Toward the Climax',96,41,25,'1:57','25 - Toward the Climax.mp3'),(1358,'Misa no Uta (Piano solo)',96,41,26,'1:29','26 - Misa no Uta (Piano solo).mp3'),(1359,'Misa no Uta',96,41,27,'1:31','27 - Misa no Uta.mp3'),(1360,'Coda ~ Death Note',96,41,28,'2:35','28 - Coda ~ Death Note.mp3'),(1361,'Contra',97,42,1,'0:07','01_Contra.mp3'),(1362,'Coin',97,42,2,'0:01','02_Coin.mp3'),(1363,'Battle in the Jungle',97,42,3,'2:17','03_Battle in the Jungle.mp3'),(1364,'Labyrinthine Fortress 1',97,42,4,'1:51','04_Labyrinthine Fortress 1.mp3'),(1365,'Labyrinthine Fortress 2',97,42,5,'1:22','05_Labyrinthine Fortress 2.mp3'),(1366,'Triumphal Return 1',97,42,6,'0:05','06_Triumphal Return 1.mp3'),(1367,'Bloody Sault',97,42,7,'1:31','07_Bloody Sault.mp3'),(1368,'Fortress in the Ice',97,42,8,'1:46','08_Fortress in the Ice.mp3'),(1369,'Fortress in the Fire',97,42,9,'2:15','09_Fortress in the Fire.mp3'),(1370,'Pulse of the Shudder',97,42,10,'2:06','10_Pulse of the Shudder.mp3'),(1371,'Triumphal Return 2',97,42,11,'0:09','11_Triumphal Return 2.mp3'),(1372,'Sandinista',97,42,12,'0:46','12_Sandinista.mp3'),(1373,'Game Over',97,42,13,'0:06','13_Game Over.mp3'),(1374,'Ranking',97,42,14,'1:11','14_Ranking.mp3'),(1375,'Introduction (Castle Gate)',98,42,1,'0:07','01. Introduction (Castle Gate).mp3'),(1376,'Vampire Killer (Courtyard)',98,42,2,'1:07','02. Vampire Killer (Courtyard).mp3'),(1377,'Stalker (Armory)',98,42,3,'1:12','03. Stalker (Armory).mp3'),(1378,'Wicked Child (Upper Yard)',98,42,4,'1:16','04. Wicked Child (Upper Yard).mp3'),(1379,'Walking on the Edge (Castle Swamp)',98,42,5,'1:22','05. Walking on the Edge (Castle Swamp).mp3'),(1380,'Heart of Fire (Prisonhold)',98,42,6,'1:11','06. Heart of Fire (Prisonhold).mp3'),(1381,'Out of Time (Upper Terrace)',98,42,7,'1:10','07. Out of Time (Upper Terrace).mp3'),(1382,'Nothing to Lose (Dracula\'s Quarters)',98,42,8,'0:40','08. Nothing to Lose (Dracula\'s Quarters).mp3'),(1383,'Poison Mind (Boss Theme)',98,42,9,'0:38','09. Poison Mind (Boss Theme).mp3'),(1384,'Black Night (Final Battle)',98,42,10,'0:42','10. Black Night (Final Battle).mp3'),(1385,'Voyager (Ending)',98,42,11,'0:52','11. Voyager (Ending).mp3'),(1386,'Stage Clear',98,42,12,'0:05','12. Stage Clear.mp3'),(1387,'Title Screen',99,42,1,'0:07','01_Title Screen.mp3'),(1388,'Room Theme (The Quest Begins)',99,42,2,'1:48','02_Room Theme (The Quest Begins).mp3'),(1389,'Room Theme',99,42,3,'1:40','03_Room Theme.mp3'),(1390,'Room Theme - Hurry (Skel Arrives)',99,42,4,'1:29','04_Room Theme - Hurry (Skel Arrives).mp3'),(1391,'Room Theme - Hurry (Siren)',99,42,5,'1:29','05_Room Theme - Hurry (Siren).mp3'),(1392,'Room Theme - Hurry (No Intro)',99,42,6,'1:27','06_Room Theme - Hurry (No Intro).mp3'),(1393,'Invincible',99,42,7,'0:31','07_Invincible.mp3'),(1394,'Title Screen',100,42,1,'2:14','01_Title Screen.mp3'),(1395,'Yukidama-Ondo 1',100,42,2,'2:05','02_Yukidama-Ondo (Stage 1, 3) [NES Stages 1 & 4].mp3'),(1396,'Yukida-March',100,42,3,'1:30','03_Yukida-March (Stage 2, 4) [NES Stages 2 & 3].mp3'),(1397,'Dosukoi-Snow (Stage 5)',100,42,4,'1:55','04_Dosukoi-Snow (Stage 5).mp3'),(1398,'Boss-Yade (Boss)',100,42,5,'3:26','05_Boss-Yade (Boss).mp3'),(1399,'Boss de Ska (The Last Boss)',100,42,6,'1:30','06_Boss de Ska (The Last Boss).mp3'),(1400,'Henshoku (Item)',100,42,7,'1:05','07_Henshoku (Item).mp3'),(1401,'Game Over',100,42,8,'0:06','08_Game Over.mp3'),(1402,'Yo (Ending)',100,42,9,'0:46','09_Yo (Ending).mp3'),(1403,'Boss Stage',100,42,10,'0:05','10_Boss Stage.mp3'),(1404,'Story',100,42,11,'1:10','11_Story.mp3'),(1405,'Bonus Round',100,42,12,'0:55','12_Bonus Round.mp3'),(1406,'Green Hill Zone',101,42,1,'2:38','1-01 STH1 Green Hill Zone _ Mega Drive version _.mp3'),(1407,'Marble Zone',101,42,2,'2:07','1-02 STH1 Marble Zone _ Mega Drive version _.mp3'),(1408,'Spring Yard Zone',101,42,3,'2:10','1-03 STH1 Spring Yard Zone _ Mega Drive version _.mp3'),(1409,'Labyrinth Zone',101,42,4,'2:07','1-04 STH1 Labyrinth Zone _ Mega Drive version _.mp3'),(1410,'Star Light Zone',101,42,5,'2:26','1-05 STH1 Star Light Zone _ Mega Drive version _.mp3'),(1411,'Scrap Brain Zone',101,42,6,'2:36','1-06 STH1 Scrap Brain Zone _ Mega Drive version _.mp3'),(1412,'Final Zone',101,42,7,'1:16','1-07 STH1 Final Zone _ Mega Drive version _.mp3'),(1413,'Special Stage',101,42,8,'1:32','1-08 STH1 Special Stage _ Mega Drive version _.mp3'),(1414,'Power Up',101,42,9,'0:57','1-09 STH1 Power Up _ Mega Drive version _.mp3'),(1415,'Main Theme',102,42,1,'0:21','01 - Main Theme.mp3'),(1416,'Choose Your Seeds (Ancient Egypt)',102,42,2,'1:33','02 - Choose Your Seeds (Ancient Egypt).mp3'),(1417,'Ancient Egypt - Wave 1',102,42,3,'5:27','03 - Ancient Egypt - Wave 1.mp3'),(1418,'Ancient Egypt - Wave 2',102,42,4,'5:55','04 - Ancient Egypt - Wave 2.mp3'),(1419,'Ancient Egypt - Wave 3',102,42,5,'5:52','05 - Ancient Egypt - Wave 3.mp3'),(1420,'Ancient Egypt Theme',102,42,6,'9:56','06 - Ancient Egypt Theme.mp3'),(1421,'Ancient Egypt - Ultimate Battle',102,42,7,'6:21','07 - Ancient Egypt - Ultimate Battle.mp3'),(1422,'Choose Your Seeds (Pirate Seas)',102,42,8,'1:08','08 - Choose Your Seeds (Pirate Seas).mp3'),(1423,'Pirate Seas - Wave 1',102,42,9,'2:29','09 - Pirate Seas - Wave 1.mp3'),(1424,'Pirate Seas - Wave 2',102,42,10,'1:57','10 - Pirate Seas - Wave 2.mp3'),(1425,'Pirate Seas - Wave 3',102,42,11,'2:06','11 - Pirate Seas - Wave 3.mp3'),(1426,'Pirate Seas Theme',102,42,12,'8:12','12 - Pirate Seas Theme.mp3'),(1427,'Pirate Seas - Ultimate Battle',102,42,13,'6:17','13 - Pirate Seas - Ultimate Battle.mp3'),(1428,'Choose Your Seeds (Wild West)',102,42,14,'0:52','14 - Choose Your Seeds (Wild West).mp3'),(1429,'Wild West - Wave 1',102,42,15,'2:24','15 - Wild West - Wave 1.mp3'),(1430,'Wild West - Wave 2',102,42,16,'1:57','16 - Wild West - Wave 2.mp3'),(1431,'Wild West - Wave 3',102,42,17,'2:19','17 - Wild West - Wave 3.mp3'),(1432,'Wild West Theme',102,42,18,'8:33','18 - Wild West Theme.mp3'),(1433,'Wild West - Ultimate Battle',102,42,19,'6:11','19 - Wild West - Ultimate Battle.mp3'),(1434,'Choose Your Seeds (Far Future)',102,42,20,'0:52','20 - Choose Your Seeds (Far Future).mp3'),(1435,'Far Future - Wave 1',102,42,21,'2:09','21 - Far Future - Wave 1.mp3'),(1436,'Far Future - Wave 2',102,42,22,'2:16','22 - Far Future - Wave 2.mp3'),(1437,'Far Future - Wave 3',102,42,23,'2:23','23 - Far Future - Wave 3.mp3'),(1438,'Far Future Theme',102,42,24,'8:08','24 - Far Future Theme.mp3'),(1439,'Far Future - Ultimate Battle',102,42,25,'5:59','25 - Far Future - Ultimate Battle.mp3'),(1440,'Dark ages theme',102,42,26,'8:43','26 Dark ages theme.mp3'),(1441,'Big wave beach theme',102,42,27,'12:13','27 Big wave beach theme.mp3'),(1442,'Frostbite cave theme',102,42,28,'10:01','28 Frostbite cave theme.mp3'),(1443,'Lost city theme',102,42,29,'9:46','29 Lost city theme.mp3'),(1444,'Zombie punk theme',102,42,30,'16:03','30 Zombie punk theme.mp3'),(1445,'It\'s a me, Mario!',103,42,1,'0:04','01 It\'s a me, Mario!.mp3'),(1446,'Title Theme',103,42,2,'3:31','02 Title Theme.mp3'),(1447,'Peach\'s Message',103,42,3,'0:08','03 Peach\'s Message.mp3'),(1448,'Opening',103,42,4,'0:34','04 Opening.mp3'),(1449,'Super Mario 64 Main Theme',103,42,5,'2:22','05 Super Mario 64 Main Theme.mp3'),(1450,'Slider',103,42,6,'2:49','06 Slider.mp3'),(1451,'Inside the Castle Walls',103,42,7,'2:00','07 Inside the Castle Walls.mp3'),(1452,'Looping Steps',103,42,8,'0:27','08 Looping Steps.mp3'),(1453,'Dire, Dire Docks',103,42,9,'3:06','09 Dire, Dire Docks.mp3'),(1454,'Lethal Lava Land',103,42,10,'2:43','10 Lethal Lava Land.mp3'),(1455,'Snow Mountain',103,42,11,'2:58','11 Snow Mountain.mp3'),(1456,'Haunted House',103,42,12,'3:06','12 Haunted House.mp3'),(1457,'Merry-Go-Round',103,42,13,'1:01','13 Merry-Go-Round.mp3'),(1458,'Cave Dungeon',103,42,14,'3:45','14 Cave Dungeon.mp3'),(1459,'Pirahna Plant\'s Lullaby',103,42,15,'2:19','15 Pirahna Plant\'s Lullaby.mp3'),(1460,'Powerful Mario',103,42,16,'0:54','16 Powerful Mario.mp3'),(1461,'Metallic Mario',103,42,17,'0:54','17 Metallic Mario.mp3'),(1462,'File Select',103,42,18,'0:44','18 File Select.mp3'),(1463,'Grass Land',104,42,1,'1:09','01 - Grass Land.mp3'),(1464,'Level Theme 1',104,42,2,'1:34','02 - Level Theme 1.mp3'),(1465,'Power Up',104,42,3,'0:03','03 - Power Up.mp3'),(1466,'Level Clear',104,42,4,'0:06','04 - Level Clear.mp3'),(1467,'Desert Hill',104,42,5,'0:50','05 - Desert Hill.mp3'),(1468,'Level Theme 2',104,42,6,'1:54','06 - Level Theme 2.mp3'),(1469,'Invincible Starman',104,42,7,'0:23','07 - Invincible Starman.mp3'),(1470,'Ocean Side',104,42,8,'1:05','08 - Ocean Side.mp3'),(1471,'Underwater',104,42,9,'1:40','09 - Underwater.mp3'),(1472,'Hurry Up',104,42,10,'0:06','10 - Hurry Up.mp3'),(1473,'Spade Puzzle',104,42,11,'0:50','11 - Spade Puzzle.mp3'),(1474,'Big Island',104,42,12,'1:07','12 - Big Island.mp3'),(1475,'Super Mario Rap',104,42,11,'1:43','13 - Super Mario Rap.mp3'),(1476,'Hammer Brothers',104,42,14,'1:12','14 - Hammer Brothers.mp3'),(1477,'Music Box',104,42,15,'1:27','15 - Music Box.mp3'),(1478,'The Sky',104,42,16,'1:08','16 - The Sky.mp3'),(1479,'Coin Heaven',104,42,17,'1:28','17 - Coin Heaven.mp3'),(1480,'1-Up',104,42,18,'0:03','18 - 1-Up.mp3'),(1481,'Pick A Box',104,42,19,'1:02','19 - Pick A Box.mp3'),(1482,'Magic Warp Whistle',104,42,20,'0:57','20 - Magic Warp Whistle.mp3'),(1483,'Iced Land',104,42,21,'1:06','21 - Iced Land.mp3'),(1484,'Mini-Fortress',104,42,22,'1:32','22 - Mini-Fortress.mp3'),(1485,'Warp Pipe',104,42,23,'0:03','23 - Warp Pipe.mp3'),(1486,'Boom Boom',104,42,24,'1:22','24 - Boom Boom.mp3'),(1487,'Boss Clear',104,42,25,'0:07','25 - Boss Clear.mp3'),(1488,'Pipe Maze',104,42,26,'1:16','26 - Pipe Maze.mp3'),(1489,'Airship',104,42,27,'1:50','27 - Airship.mp3'),(1490,'King\'s Castle',104,42,28,'0:38','28 - King\'s Castle.mp3'),(1491,'World Clear',104,42,29,'0:09','29 - World Clear.mp3'),(1492,'Castle of Koopa',104,42,30,'1:20','30 - Castle of Koopa.mp3'),(1493,'Pause',104,42,31,'0:03','31 - Pause.mp3'),(1494,'King Koopa Battle',104,42,32,'1:11','32 - King Koopa Battle.mp3'),(1495,'King Koopa Falls',104,42,33,'0:05','33 - King Koopa Falls.mp3'),(1496,'Ending',104,42,34,'2:47','34 - Ending.mp3'),(1497,'1-Down',104,42,35,'0:06','35 - 1-Down.mp3'),(1498,'Game Over',104,42,36,'0:06','36 - Game Over.mp3'),(1499,'Rehab',105,43,1,'3:34','01 Rehab.mp3'),(1500,'You Know I\'m No Good',105,43,2,'4:16','02 You Know I\'m No Good.mp3'),(1501,'Me & Mr. Jones',105,43,3,'2:33','03 Me & Mr. Jones.mp3'),(1502,'Just Friends',105,43,4,'3:13','04 Just Friends.mp3'),(1503,'Back To Black',105,43,5,'4:01','05 Back To Black.mp3'),(1504,'Love Is A Losing Game',105,43,6,'2:35','06 Love Is A Losing Game.mp3'),(1505,'Tears Dry On Their Own',105,43,7,'3:06','07 Tears Dry On Their Own.mp3'),(1506,'Wake Up Alone',105,43,8,'3:41','08 Wake Up Alone.mp3'),(1507,'Some Unholy War',105,43,9,'2:22','09 Some Unholy War.mp3'),(1508,'He Can Only Hold Her',105,43,10,'2:46','10 He Can Only Hold Her.mp3'),(1509,'Addicted',105,43,11,'2:44','11 Addicted.mp3'),(1510,'Valerie [Live]',106,43,1,'3:53','01 Valerie [Live].mp3'),(1511,'Cupid [Deluxe Edition Version]',106,43,2,'3:48','02 Cupid [Deluxe Edition Version].mp3'),(1512,'Monkey Man',106,43,3,'2:55','03 Monkey Man.mp3'),(1513,'Some Unholy War [Down Tempo]',106,43,4,'3:15','04 Some Unholy War [Down Tempo].mp3'),(1514,'Hey Little Rich Girl',106,43,5,'3:34','05 Hey Little Rich Girl.mp3'),(1515,'You\'re Wondering Now',106,43,6,'2:32','06 You\'re Wondering Now.mp3'),(1516,'To Know Him Is To Love Him [Live]',106,43,7,'2:23','07 To Know Him Is To Love Him [Live].mp3'),(1517,'Love Is A Losing Game [Original]',106,43,8,'3:43','08 Love Is A Losing Game [Original Demo].mp3'),(1518,'Stronger Than Me (Intro)',107,43,1,'3:53','01 Stronger Than Me (Intro).mp3'),(1519,'You Sent Me Flying-Cherry',107,43,2,'6:50','02 You Sent Me Flying-Cherry.mp3'),(1520,'Know You Now',107,43,3,'3:03','03 Know You Now.mp3'),(1521,'Fuck Me Pumps',107,43,4,'3:20','04 Fuck Me Pumps.mp3'),(1522,'I Heard Love Is Blind',107,43,5,'2:09','05 I Heard Love Is Blind.mp3'),(1523,'Moody\'s Mood For Love-Teo Licks',107,43,6,'3:28','06 Moody\'s Mood For Love-Teo Licks.mp3'),(1524,'(There Is) No Greater Love',107,43,7,'2:08','07 (There Is) No Greater Love.mp3'),(1525,'In My Bed',107,43,8,'5:16','08 In My Bed.mp3'),(1526,'Take The Box',107,43,9,'3:20','09 Take The Box.mp3'),(1527,'October Song',107,43,10,'3:24','10 October Song.mp3'),(1528,'What Is It About Men',107,43,11,'3:29','11 What Is It About Men.mp3'),(1529,'Help Yourself',107,43,12,'5:00','12 Help Yourself.mp3'),(1530,'Amy Amy',107,43,13,'13:16','13 Amy Amy Amy-Outro-Brother-Mr. Magic (Through The Smoke).mp3'),(1531,'Take The Box [Demo]',108,43,1,'3:24','01 Take The Box [Demo].mp3'),(1532,'You Sent Me Flying [Demo]',108,43,2,'5:39','02 You Sent Me Flying [Demo].mp3'),(1533,'I Heard Love Is Blind [Demo]',108,43,3,'2:13','03 I Heard Love Is Blind [Demo].mp3'),(1534,'Someone To Watch Over Me [Demo]',108,43,4,'4:29','04 Someone To Watch Over Me [Demo].mp3'),(1535,'What It Is [Demo]',108,43,5,'4:45','05 What It Is [Demo].mp3'),(1536,'Teach Me Tonight [Hootenanny]',108,43,6,'3:22','06 Teach Me Tonight [Hootenanny].mp3'),(1537,'\'Round Midnight',108,43,7,'3:49','07 \'Round Midnight.mp3'),(1538,'Fool\'s Gold',108,43,8,'3:40','08 Fool\'s Gold.mp3'),(1539,'Stronger Than Me',108,43,9,'3:53','09 Stronger Than Me [From Later... With Jools Holland].mp3'),(1540,'I Heard Love Is Blind [Live]',108,43,10,'2:29','10 I Heard Love Is Blind [Live].mp3'),(1541,'Take The Box [Live]',108,43,11,'3:33','11 Take The Box [Live].mp3'),(1542,'In My Bed [Live]',108,43,12,'5:37','12 In My Bed [Live].mp3'),(1543,'Mr Magic (Through The Smoke)',108,43,13,'4:05','13 Mr Magic (Through The Smoke) [Janice Long Session].mp3'),(1544,'(There Is) No Greater Love',108,43,14,'2:38','14 (There Is) No Greater Love [Janice Long Session].mp3'),(1545,'Fuck Me Pumps (MJ Cole Mix)',108,43,15,'5:54','15 Fuck Me Pumps (MJ Cole Mix).mp3'),(1546,'Take The Box (Seijis Buggin\' Mix)',108,43,16,'7:48','16 Take The Box (Seijis Buggin\' Mix).mp3'),(1547,'Stronger Than Me (Harmonic 33 Mix)',108,43,17,'3:43','17 Stronger Than Me (Harmonic 33 Mix).mp3'),(1548,'In My Bed (CJ Mix)',108,43,18,'4:34','18 In My Bed (CJ Mix).mp3'),(1549,'The Missing',109,44,1,'3:35','01 The Missing.mp3'),(1550,'Deity',109,44,2,'3:38','02 Deity.mp3'),(1551,'So What',109,44,3,'11:28','03 So What.mp3'),(1552,'Burning Inside',109,44,4,'6:22','04 Burning Inside.mp3'),(1553,'Thieves',109,44,5,'5:08','05 Thieves.mp3'),(1554,'Stigmata',109,44,6,'9:30','06 Stigmata.mp3'),(1555,'Stigmata',110,44,1,'5:44','01 Stigmata.mp3'),(1556,'The Missing',110,44,2,'2:54','02 The Missing.mp3'),(1557,'Deity',110,44,3,'3:23','03 Deity.mp3'),(1558,'Golden Dawn',110,44,4,'5:42','04 Golden Dawn.mp3'),(1559,'Destruction',110,44,5,'3:29','05 Destruction.mp3'),(1560,'Hizbollah',110,44,6,'3:59','06 Hizbollah.mp3'),(1561,'The Land Of Rape And Honey',110,44,7,'5:11','07 The Land Of Rape And Honey.mp3'),(1562,'You Know What You Are',110,44,8,'4:44','08 You Know What You Are.mp3'),(1563,'I Prefer',110,44,9,'2:15','09 I Prefer.mp3'),(1564,'Flashback',110,44,10,'4:48','10 Flashback.mp3'),(1565,'Abortive',110,44,11,'4:23','11 Abortive.mp3'),(1566,'Hoy No Me Puedo Levantar',111,45,1,'3:17','01 Hoy No Me Puedo Levantar.mp3'),(1567,'Me Colé En Una Fiesta',111,45,2,'4:14','02 Me Colé En Una Fiesta.mp3'),(1568,'Maquillaje',111,45,3,'2:31','03 Maquillaje.mp3'),(1569,'Barco A Venus',111,45,4,'3:18','04 Barco A Venus.mp3'),(1570,'Hawaii-Bombay',111,45,5,'4:10','05 Hawaii-Bombay.mp3'),(1571,'Aire',111,45,6,'4:34','06 Aire.mp3'),(1572,'Ay Qué Pesado',111,45,7,'3:58','07 Ay Qué Pesado.mp3'),(1573,'Cruz De Navajas',111,45,8,'5:02','08 Cruz De Navajas.mp3'),(1574,'Me Cuesta Tanto Olvidarte',111,45,9,'2:54','09 Me Cuesta Tanto Olvidarte.mp3'),(1575,'Hijo De La Luna',111,45,10,'4:19','10 Hijo De La Luna.mp3'),(1576,'No Hay Marcha En Nueva York',111,45,11,'4:17','11 No Hay Marcha En Nueva York.mp3'),(1577,'Los Amantes',111,45,12,'2:54','12 Los Amantes.mp3'),(1578,'Mujer Contra Mujer',111,45,13,'4:07','13 Mujer Contra Mujer.mp3'),(1579,'Un Año Más',111,45,14,'4:30','14 Un Año Más.mp3'),(1580,'Por La Cara',111,45,15,'3:06','15 Por La Cara.mp3'),(1581,'\'Eugenio\' Salvador Dalí',112,45,1,'5:26','01 \'Eugenio\' Salvador Dalí.mp3'),(1582,'La Fuerza Del Destino',112,45,2,'5:11','02 La Fuerza Del Destino.mp3'),(1583,'Quédate En Madrid',112,45,3,'2:19','03 Quédate En Madrid.mp3'),(1584,'El Cine',112,45,4,'4:02','04 El Cine.mp3'),(1585,'El Blues Del Esclavo',112,45,5,'4:38','05 El Blues Del Esclavo.mp3'),(1586,'El 7 De Septiembre',112,45,6,'5:02','06 El 7 De Septiembre.mp3'),(1587,'Naturaleza Muerta',112,45,7,'5:02','07 Naturaleza Muerta.mp3'),(1588,'Dalai Lama',112,45,8,'5:31','08 Dalai Lama.mp3'),(1589,'Una Rosa Es Una Rosa',112,45,9,'4:47','09 Una Rosa Es Una Rosa.mp3'),(1590,'El Fallo Positivo',112,45,10,'4:00','10 El Fallo Positivo.mp3'),(1591,'Tú',112,45,11,'4:17','11 Tú.mp3'),(1592,'El Uno, El Dos, El Tres',112,45,12,'4:42','12 El Uno, El Dos, El Tres.mp3'),(1593,'J.C',112,45,13,'4:21','13 J.C.mp3'),(1594,'Bailando Salsa',112,45,14,'4:12','14 Bailando Salsa.mp3'),(1595,'1917',112,45,15,'4:12','15 1917.mp3'),(1596,'No Hay Jabalix En Urbasa',113,46,1,'1:01','01 No Hay Jabalix En Urbasa.mp3'),(1597,'Es Politica',113,46,2,'1:10','02 Es Politica.mp3'),(1598,'Lucky Man For You',113,46,3,'1:10','03 Lucky Man For You.mp3'),(1599,'Democrata Y Cristiano',113,46,4,'1:39','04 Democrata Y Cristiano.mp3'),(1600,'Morireis Como Imbeciles',113,46,5,'1:24','05 Morireis Como Imbeciles.mp3'),(1601,'El Ataque De Los Hambrientos',113,46,6,'2:37','06 El Ataque De Los Hambientos.mp3'),(1602,'Chica Yeye',113,46,7,'2:28','07 Chica Yeye.mp3'),(1603,'Era Un Hombre',113,46,8,'1:56','08 Era Un Hombre.mp3'),(1604,'Ven Y Ve',113,46,9,'1:46','09 Ven Y Ve.mp3'),(1605,'No Mas Presos',113,46,10,'1:26','10 No Mas Presos.mp3'),(1606,'Vuestra Maldicion',113,46,11,'1:34','11 Vuestra Maldicion.mp3'),(1607,'La Revolucion',113,46,12,'1:58','12 La Revolucion.mp3'),(1608,'El Sitio Donde Yo Vivo',113,46,13,'2:34','13 El Sitio Donde Yo Vivo.mp3'),(1609,'En Londres',113,46,14,'2:10','14 En Londres.mp3'),(1610,'Un Rayo De Sol',113,46,15,'1:54','15 Un Rayo De Sol.mp3'),(1611,'La Tortura',113,46,16,'2:09','16 La Tortura.mp3'),(1612,'Cara Al Culo',113,46,17,'1:24','17 Cara Al Culo.mp3'),(1613,'Sin Pais',113,46,18,'1:21','18 Sin Pais.mp3'),(1614,'El Congreso De Ratones',113,46,19,'1:33','19 El Congreso De Ratones.mp3'),(1615,'Nuit Apache',114,47,1,'3:27','01 Nuit Apache.mp3'),(1616,'Ibrahim',114,47,2,'2:53','02 Ibrahim.mp3'),(1617,'Vie de singe',114,47,3,'3:03','03 Vie de singe.mp3'),(1618,'Tzigane, tzigane',114,47,4,'3:14','04 Tzigane, tzigane.mp3'),(1619,'L\'empereur Tomato Ketchup',114,47,5,'4:14','05 L\'empereur Tomato Ketchup.mp3'),(1620,'Casse-tête chinois',114,47,6,'5:19','06 Casse-tête chinois.mp3'),(1621,'Jim-la-jungle',114,47,7,'2:47','07 Jim-la-jungle.mp3'),(1622,'S.O.S',114,47,8,'3:19','08 S.O.S.mp3'),(1623,'Descendons dans la rue',114,47,9,'3:48','09 Descendons dans la rue.mp3'),(1624,'Et hop !',114,47,10,'3:03','10 Et hop !.mp3');
/*!40000 ALTER TABLE `cancion` ENABLE KEYS */;
UNLOCK TABLES;

--
-- Table structure for table `chanson`
--

DROP TABLE IF EXISTS `chanson`;
/*!40101 SET @saved_cs_client     = @@character_set_client */;
/*!40101 SET character_set_client = utf8 */;
CREATE TABLE `chanson` (
  `id` int(30) NOT NULL AUTO_INCREMENT,
  `id_artista` int(30) NOT NULL,
  PRIMARY KEY (`id`)
) ENGINE=MyISAM AUTO_INCREMENT=2 DEFAULT CHARSET=utf8 COLLATE=utf8_spanish_ci;
/*!40101 SET character_set_client = @saved_cs_client */;

--
-- Dumping data for table `chanson`
--

LOCK TABLES `chanson` WRITE;
/*!40000 ALTER TABLE `chanson` DISABLE KEYS */;
INSERT INTO `chanson` VALUES (1,18);
/*!40000 ALTER TABLE `chanson` ENABLE KEYS */;
UNLOCK TABLES;

--
-- Table structure for table `clásica`
--

DROP TABLE IF EXISTS `clásica`;
/*!40101 SET @saved_cs_client     = @@character_set_client */;
/*!40101 SET character_set_client = utf8 */;
CREATE TABLE `clásica` (
  `id` int(30) NOT NULL AUTO_INCREMENT,
  `id_artista` int(30) NOT NULL,
  PRIMARY KEY (`id`)
) ENGINE=MyISAM AUTO_INCREMENT=5 DEFAULT CHARSET=utf8 COLLATE=utf8_spanish_ci;
/*!40101 SET character_set_client = @saved_cs_client */;

--
-- Dumping data for table `clásica`
--

LOCK TABLES `clásica` WRITE;
/*!40000 ALTER TABLE `clásica` DISABLE KEYS */;
INSERT INTO `clásica` VALUES (1,16),(2,24),(3,35),(4,37);
/*!40000 ALTER TABLE `clásica` ENABLE KEYS */;
UNLOCK TABLES;

--
-- Table structure for table `electrónica`
--

DROP TABLE IF EXISTS `electrónica`;
/*!40101 SET @saved_cs_client     = @@character_set_client */;
/*!40101 SET character_set_client = utf8 */;
CREATE TABLE `electrónica` (
  `id` int(30) NOT NULL AUTO_INCREMENT,
  `id_artista` int(30) NOT NULL,
  PRIMARY KEY (`id`)
) ENGINE=MyISAM AUTO_INCREMENT=6 DEFAULT CHARSET=utf8 COLLATE=utf8_spanish_ci;
/*!40101 SET character_set_client = @saved_cs_client */;

--
-- Dumping data for table `electrónica`
--

LOCK TABLES `electrónica` WRITE;
/*!40000 ALTER TABLE `electrónica` DISABLE KEYS */;
INSERT INTO `electrónica` VALUES (1,1),(2,5),(3,17),(4,30),(5,34);
/*!40000 ALTER TABLE `electrónica` ENABLE KEYS */;
UNLOCK TABLES;

--
-- Table structure for table `experimental`
--

DROP TABLE IF EXISTS `experimental`;
/*!40101 SET @saved_cs_client     = @@character_set_client */;
/*!40101 SET character_set_client = utf8 */;
CREATE TABLE `experimental` (
  `id` int(30) NOT NULL AUTO_INCREMENT,
  `id_artista` int(30) NOT NULL,
  PRIMARY KEY (`id`)
) ENGINE=MyISAM AUTO_INCREMENT=9 DEFAULT CHARSET=utf8 COLLATE=utf8_spanish_ci;
/*!40101 SET character_set_client = @saved_cs_client */;

--
-- Dumping data for table `experimental`
--

LOCK TABLES `experimental` WRITE;
/*!40000 ALTER TABLE `experimental` DISABLE KEYS */;
INSERT INTO `experimental` VALUES (1,13),(2,14),(3,25),(4,26),(5,31),(6,35),(7,36),(8,37);
/*!40000 ALTER TABLE `experimental` ENABLE KEYS */;
UNLOCK TABLES;

--
-- Table structure for table `genero`
--

DROP TABLE IF EXISTS `genero`;
/*!40101 SET @saved_cs_client     = @@character_set_client */;
/*!40101 SET character_set_client = utf8 */;
CREATE TABLE `genero` (
  `id` int(30) NOT NULL AUTO_INCREMENT,
  `nombre` varchar(100) COLLATE utf8_spanish_ci NOT NULL,
  PRIMARY KEY (`id`)
) ENGINE=MyISAM AUTO_INCREMENT=18 DEFAULT CHARSET=utf8 COLLATE=utf8_spanish_ci;
/*!40101 SET character_set_client = @saved_cs_client */;

--
-- Dumping data for table `genero`
--

LOCK TABLES `genero` WRITE;
/*!40000 ALTER TABLE `genero` DISABLE KEYS */;
INSERT INTO `genero` VALUES (2,'Rock'),(3,'Electrónica'),(5,'Punk'),(7,'Blues'),(10,'Pop'),(17,'Chanson'),(15,'Experimental'),(16,'Clásica ');
/*!40000 ALTER TABLE `genero` ENABLE KEYS */;
UNLOCK TABLES;

--
-- Table structure for table `pop`
--

DROP TABLE IF EXISTS `pop`;
/*!40101 SET @saved_cs_client     = @@character_set_client */;
/*!40101 SET character_set_client = utf8 */;
CREATE TABLE `pop` (
  `id` int(30) NOT NULL AUTO_INCREMENT,
  `id_artista` int(30) NOT NULL,
  PRIMARY KEY (`id`)
) ENGINE=MyISAM AUTO_INCREMENT=9 DEFAULT CHARSET=utf8 COLLATE=utf8_spanish_ci;
/*!40101 SET character_set_client = @saved_cs_client */;

--
-- Dumping data for table `pop`
--

LOCK TABLES `pop` WRITE;
/*!40000 ALTER TABLE `pop` DISABLE KEYS */;
INSERT INTO `pop` VALUES (1,3),(2,4),(3,10),(4,11),(5,12),(6,29),(7,39),(8,45);
/*!40000 ALTER TABLE `pop` ENABLE KEYS */;
UNLOCK TABLES;

--
-- Table structure for table `punk`
--

DROP TABLE IF EXISTS `punk`;
/*!40101 SET @saved_cs_client     = @@character_set_client */;
/*!40101 SET character_set_client = utf8 */;
CREATE TABLE `punk` (
  `id` int(30) NOT NULL AUTO_INCREMENT,
  `id_artista` int(30) NOT NULL,
  PRIMARY KEY (`id`)
) ENGINE=MyISAM AUTO_INCREMENT=6 DEFAULT CHARSET=utf8 COLLATE=utf8_spanish_ci;
/*!40101 SET character_set_client = @saved_cs_client */;

--
-- Dumping data for table `punk`
--

LOCK TABLES `punk` WRITE;
/*!40000 ALTER TABLE `punk` DISABLE KEYS */;
INSERT INTO `punk` VALUES (1,2),(2,6),(3,7),(4,9),(5,46);
/*!40000 ALTER TABLE `punk` ENABLE KEYS */;
UNLOCK TABLES;

--
-- Table structure for table `rock`
--

DROP TABLE IF EXISTS `rock`;
/*!40101 SET @saved_cs_client     = @@character_set_client */;
/*!40101 SET character_set_client = utf8 */;
CREATE TABLE `rock` (
  `id` int(30) NOT NULL AUTO_INCREMENT,
  `id_artista` int(30) NOT NULL,
  PRIMARY KEY (`id`)
) ENGINE=MyISAM AUTO_INCREMENT=19 DEFAULT CHARSET=utf8 COLLATE=utf8_spanish_ci;
/*!40101 SET character_set_client = @saved_cs_client */;

--
-- Dumping data for table `rock`
--

LOCK TABLES `rock` WRITE;
/*!40000 ALTER TABLE `rock` DISABLE KEYS */;
INSERT INTO `rock` VALUES (4,8),(3,4),(5,10),(6,11),(7,12),(8,15),(9,17),(10,19),(11,20),(12,21),(13,22),(14,28),(15,32),(16,38),(17,39),(18,45);
/*!40000 ALTER TABLE `rock` ENABLE KEYS */;
UNLOCK TABLES;
/*!40103 SET TIME_ZONE=@OLD_TIME_ZONE */;

/*!40101 SET SQL_MODE=@OLD_SQL_MODE */;
/*!40014 SET FOREIGN_KEY_CHECKS=@OLD_FOREIGN_KEY_CHECKS */;
/*!40014 SET UNIQUE_CHECKS=@OLD_UNIQUE_CHECKS */;
/*!40101 SET CHARACTER_SET_CLIENT=@OLD_CHARACTER_SET_CLIENT */;
/*!40101 SET CHARACTER_SET_RESULTS=@OLD_CHARACTER_SET_RESULTS */;
/*!40101 SET COLLATION_CONNECTION=@OLD_COLLATION_CONNECTION */;
/*!40111 SET SQL_NOTES=@OLD_SQL_NOTES */;

-- Dump completed on 2020-02-24 22:34:52
